id_venda,id_cliente,id_vendedor,id_produto,quantidade,valor,data_venda
1,194,2,43,1,56.39,2024-05-27
2,245,6,10,2,604.65,2024-03-30
3,12,2,72,2,904.22,2024-09-27
4,91,11,52,5,1446.04,2024-01-16
5,31,4,43,2,98.36,2024-04-12
6,249,10,57,3,457.93,2024-07-20
7,211,7,45,5,378.31,2024-05-03
8,36,14,61,1,114.61,2024-05-16
9,107,7,10,3,775.34,2024-01-13
10,68,13,67,4,1481.27,2024-03-04
11,34,15,34,5,374.13,2024-10-09
12,145,2,35,5,596.04,2024-05-07
13,182,11,6,1,103.83,2024-11-07
14,10,9,39,5,1526.94,2024-07-21
15,220,13,9,2,182.5,2024-08-12
16,31,11,49,5,305.97,2024-05-29
17,154,2,20,2,145.6,2024-01-26
18,123,8,28,2,81.39,2024-06-14
19,47,7,57,5,648.06,2024-10-25
20,157,10,31,1,114.48,2024-05-15
21,218,3,18,1,69.93,2024-01-27
22,118,9,70,2,372.2,2024-07-29
23,216,1,1,3,864.1,2024-10-06
24,186,13,79,5,649.21,2024-09-15
25,150,15,35,1,120.22,2024-08-15
26,188,1,65,5,692.08,2024-12-04
27,8,9,10,5,1330.67,2024-05-13
28,137,5,14,4,529.15,2024-07-01
29,132,9,30,5,1960.66,2024-09-16
30,34,6,2,1,67.76,2024-01-24
31,122,7,3,2,558.37,2024-07-13
32,196,10,33,2,128.5,2024-09-12
33,210,11,6,5,541.22,2024-10-13
34,202,15,51,5,1009.72,2024-12-09
35,171,15,35,1,126.56,2024-04-27
36,31,12,13,5,174.16,2024-06-30
37,12,7,58,2,227.04,2024-05-25
38,229,11,71,5,1214.5,2024-07-12
39,202,6,71,4,1112.46,2024-11-23
40,227,1,54,3,740.81,2024-07-11
41,140,7,9,5,395.39,2024-05-16
42,131,8,23,4,412.2,2024-10-14
43,80,6,45,5,466.71,2024-11-18
44,71,7,5,1,289.63,2024-10-20
45,69,13,58,5,656.18,2024-01-22
46,137,15,35,5,623.77,2024-10-21
47,28,2,23,2,261.61,2024-02-27
48,186,10,36,2,92.92,2024-02-25
49,55,4,52,1,291.82,2024-05-07
50,236,1,58,5,562.76,2024-06-19
51,6,13,47,3,329.45,2024-09-10
52,172,3,46,1,89.37,2024-12-22
53,71,5,64,4,478.82,2024-02-02
54,194,8,9,5,383.34,2024-05-12
55,238,10,32,5,506.86,2024-01-02
56,103,14,73,2,171.63,2024-02-10
57,70,8,24,2,82.53,2024-11-14
58,161,3,42,5,957.4,2024-12-05
59,159,9,32,5,434.38,2024-11-12
60,113,9,57,4,517.01,2024-12-18
61,84,15,42,3,596.52,2024-01-26
62,49,2,24,1,47.48,2024-09-01
63,168,6,6,3,352.99,2024-08-30
64,23,2,80,5,727.87,2024-04-16
65,81,7,71,2,479.6,2024-10-23
66,84,5,12,4,106.61,2024-01-26
67,153,1,74,3,578.87,2024-06-01
68,249,9,6,1,104.23,2024-07-11
69,175,7,72,5,1982.86,2024-09-11
70,13,7,52,3,859.45,2024-06-08
71,162,6,53,3,872.94,2024-01-15
72,69,10,29,2,936.98,2024-11-07
73,109,1,45,3,244.42,2024-07-14
74,100,13,44,3,218.9,2024-07-22
75,86,11,45,2,164.95,2024-01-05
76,239,12,21,2,275.99,2024-03-18
77,47,5,58,4,491.03,2024-09-01
78,169,12,47,2,191.24,2024-11-09
79,41,2,29,1,437.1,2024-09-14
80,245,14,68,4,332.51,2024-01-04
81,138,13,54,5,1376.08,2024-07-21
82,183,8,80,2,238.15,2024-02-10
83,99,3,31,3,334.53,2024-07-28
84,95,13,55,1,72.55,2024-02-26
85,124,15,38,4,179.92,2024-08-08
86,168,6,69,1,68.74,2024-06-28
87,163,14,42,5,811.77,2024-03-06
88,73,2,29,3,1407.62,2024-05-17
89,9,1,55,3,192.35,2024-07-07
90,167,5,15,2,77.3,2024-02-09
91,63,2,74,3,663.3,2024-11-10
92,220,13,80,1,140.54,2024-07-22
93,152,13,22,4,1653.75,2024-04-08
94,214,14,51,2,347.05,2024-08-31
95,40,6,9,5,470.94,2024-05-06
96,11,14,37,1,124.32,2024-04-27
97,80,6,8,3,802.25,2024-06-05
98,10,1,14,5,605.87,2024-07-21
99,122,8,77,1,214.44,2024-06-25
100,61,3,47,3,313.75,2024-01-28
101,137,14,73,3,273.31,2024-08-31
102,150,10,71,1,273.34,2024-12-17
103,194,11,42,2,340.44,2024-03-04
104,159,3,42,5,987.62,2024-11-14
105,193,10,35,5,599.67,2024-06-10
106,149,8,62,1,65.96,2024-08-18
107,36,11,8,1,231.69,2024-11-02
108,192,9,33,2,109.03,2024-04-14
109,143,14,76,4,196.11,2024-04-30
110,146,4,20,1,66.48,2024-12-03
111,128,9,6,5,516.72,2024-03-29
112,222,9,2,5,303.57,2024-04-18
113,9,3,2,2,135.1,2024-01-02
114,17,1,50,4,284.79,2024-02-28
115,233,1,71,5,1270.37,2024-10-12
116,124,15,16,1,62.19,2024-05-31
117,96,4,3,3,774.36,2024-04-30
118,161,15,11,5,443.44,2024-01-25
119,201,13,71,2,556.99,2024-06-07
120,222,7,41,1,66.92,2024-04-11
121,198,12,59,4,158.28,2024-01-02
122,72,6,76,4,231.95,2024-02-08
123,40,6,48,4,1434.58,2024-02-07
124,232,1,48,3,992.95,2024-12-28
125,73,2,1,4,1386.63,2024-02-21
126,158,7,76,3,156.37,2024-08-28
127,134,1,48,5,1637.79,2024-08-08
128,141,7,58,2,231.76,2024-10-17
129,47,10,60,1,148.17,2024-10-03
130,143,7,71,5,1201.28,2024-09-27
131,170,11,79,1,111.23,2024-07-08
132,100,13,3,5,1545.15,2024-07-12
133,178,1,5,1,302.4,2024-03-08
134,226,7,46,4,310.15,2024-11-19
135,148,9,6,4,405.06,2024-02-10
136,219,9,67,3,991.51,2024-02-07
137,181,13,4,4,1116.31,2024-05-28
138,24,12,18,4,245.31,2024-11-04
139,25,3,73,2,201.15,2024-11-07
140,152,12,15,4,145.95,2024-03-24
141,136,3,33,4,245.26,2024-12-28
142,227,15,50,3,257.55,2024-02-23
143,142,14,44,3,198.95,2024-01-24
144,80,6,67,2,701.28,2024-07-06
145,213,8,21,1,137.21,2024-07-23
146,237,4,44,4,259.67,2024-01-28
147,44,8,25,3,1174.23,2024-08-28
148,165,3,36,1,43.47,2024-09-05
149,167,9,67,2,612.0,2024-05-14
150,116,12,15,4,143.05,2024-10-04
151,198,15,65,1,145.4,2024-06-28
152,165,9,8,1,216.09,2024-07-09
153,157,1,53,1,264.21,2024-12-02
154,183,2,22,3,1247.71,2024-08-13
155,211,1,7,1,235.13,2024-02-06
156,180,13,1,4,1347.24,2024-12-24
157,168,14,68,5,407.4,2024-10-14
158,84,12,30,2,770.39,2024-09-24
159,106,8,27,4,1252.04,2024-10-31
160,72,5,15,4,154.47,2024-02-15
161,132,10,61,2,284.98,2024-10-02
162,28,2,39,1,328.47,2024-10-14
163,157,11,6,1,106.09,2024-05-31
164,249,4,47,4,363.55,2024-05-03
165,39,6,2,4,287.76,2024-10-06
166,10,7,58,2,236.69,2024-04-22
167,65,12,70,5,939.18,2024-06-04
168,45,3,44,4,318.16,2024-10-03
169,85,1,53,4,1051.38,2024-12-26
170,101,1,69,3,177.37,2024-07-05
171,41,7,6,1,107.43,2024-10-03
172,161,15,65,3,466.86,2024-12-07
173,64,10,33,1,63.94,2024-09-16
174,25,7,3,2,530.64,2024-05-31
175,242,12,47,1,94.9,2024-03-31
176,118,3,48,2,720.7,2024-05-17
177,241,12,16,1,55.93,2024-12-07
178,87,3,73,3,319.97,2024-01-31
179,41,1,7,1,242.2,2024-06-21
180,221,4,24,3,125.32,2024-12-01
181,176,11,53,5,1240.21,2024-08-12
182,12,5,64,1,124.09,2024-12-26
183,217,4,69,5,286.53,2024-06-30
184,191,12,41,1,73.08,2024-12-07
185,13,13,48,3,1151.79,2024-11-14
186,249,4,1,2,611.79,2024-10-23
187,145,2,22,2,849.0,2024-09-16
188,238,10,33,5,314.49,2024-11-10
189,134,15,44,5,386.31,2024-03-30
190,92,9,8,3,686.7,2024-06-23
191,118,3,32,4,422.56,2024-10-18
192,8,10,55,5,359.4,2024-10-06
193,184,7,9,1,81.86,2024-05-03
194,129,8,25,2,768.79,2024-10-18
195,74,14,50,2,136.47,2024-07-20
196,118,8,26,3,1057.01,2024-04-21
197,6,3,37,4,567.64,2024-03-07
198,143,15,73,3,298.74,2024-02-01
199,48,11,74,2,363.89,2024-04-23
200,85,5,9,1,81.53,2024-01-17
201,133,10,6,3,357.79,2024-11-22
202,143,13,66,3,213.78,2024-03-18
203,23,15,60,2,304.21,2024-11-11
204,161,15,59,3,134.4,2024-10-15
205,203,9,58,3,364.5,2024-04-05
206,183,2,70,1,216.81,2024-05-03
207,172,7,23,1,112.51,2024-03-13
208,95,8,26,1,349.75,2024-08-25
209,80,15,60,1,141.71,2024-06-25
210,42,14,73,1,86.57,2024-08-08
211,246,12,76,5,259.42,2024-03-28
212,242,2,67,5,1895.9,2024-01-03
213,94,11,52,1,304.6,2024-09-14
214,55,7,43,5,235.39,2024-10-28
215,202,15,61,2,282.19,2024-02-18
216,143,7,2,3,188.67,2024-09-02
217,196,9,78,2,69.02,2024-07-11
218,131,10,62,2,159.92,2024-05-21
219,80,6,13,5,194.52,2024-09-01
220,36,3,44,5,367.63,2024-04-27
221,16,3,33,3,188.28,2024-05-22
222,55,11,68,1,75.78,2024-07-03
223,62,10,17,1,76.85,2024-11-20
224,13,4,5,2,599.53,2024-03-07
225,113,12,15,1,36.4,2024-04-09
226,231,1,17,5,332.94,2024-06-20
227,137,15,31,1,110.37,2024-10-31
228,240,4,59,4,149.77,2024-10-26
229,73,2,23,1,126.48,2024-11-02
230,28,2,70,5,1062.86,2024-03-22
231,176,10,31,3,327.86,2024-10-04
232,71,14,51,4,649.88,2024-10-17
233,52,2,54,4,1045.66,2024-01-29
234,162,6,54,4,1094.74,2024-01-21
235,60,7,20,1,63.85,2024-07-20
236,143,6,9,3,279.04,2024-08-13
237,101,7,40,5,647.64,2024-04-25
238,8,10,51,2,384.95,2024-03-07
239,44,14,55,1,62.7,2024-03-16
240,56,5,18,3,196.08,2024-10-11
241,83,12,15,1,38.03,2024-09-19
242,227,11,69,4,250.82,2024-10-31
243,159,11,69,4,231.58,2024-05-02
244,80,12,11,5,387.93,2024-07-13
245,57,5,40,2,262.01,2024-05-24
246,250,8,47,1,91.9,2024-04-30
247,63,4,7,1,254.27,2024-05-03
248,153,2,68,4,360.97,2024-07-10
249,69,12,56,4,414.48,2024-10-15
250,69,11,53,4,1017.07,2024-05-17
251,198,12,43,2,92.37,2024-05-02
252,95,7,9,4,314.95,2024-10-31
253,53,13,9,2,175.46,2024-06-24
254,95,5,79,1,113.58,2024-11-12
255,131,15,46,2,176.8,2024-11-01
256,99,3,51,3,600.09,2024-04-03
257,62,2,29,2,887.62,2024-10-28
258,154,2,30,1,451.59,2024-05-15
259,140,11,8,2,469.26,2024-02-29
260,199,5,20,2,129.57,2024-01-29
261,146,8,74,2,359.6,2024-12-14
262,78,15,68,3,284.78,2024-03-13
263,162,15,58,1,140.52,2024-10-12
264,82,5,41,3,215.57,2024-03-31
265,228,7,59,3,111.32,2024-12-14
266,228,11,7,1,246.58,2024-11-25
267,240,3,4,5,1384.8,2024-06-23
268,80,15,60,4,588.23,2024-10-22
269,103,7,53,2,488.78,2024-01-02
270,23,2,6,3,378.76,2024-08-12
271,34,15,48,3,1117.83,2024-12-03
272,10,1,5,4,1199.51,2024-04-01
273,33,12,16,3,160.86,2024-04-09
274,113,2,24,2,94.21,2024-09-27
275,58,13,6,1,118.7,2024-04-11
276,160,7,5,5,1487.7,2024-03-31
277,111,15,65,2,299.47,2024-07-10
278,204,10,31,2,216.8,2024-11-23
279,198,12,30,5,1812.39,2024-09-24
280,8,10,65,2,312.8,2024-04-25
281,126,3,50,1,82.17,2024-02-16
282,202,15,36,4,183.88,2024-03-02
283,95,13,26,4,1573.01,2024-01-08
284,32,8,24,3,121.46,2024-10-10
285,229,4,72,2,814.79,2024-09-09
286,204,11,56,3,299.46,2024-05-12
287,103,13,9,2,176.67,2024-04-20
288,40,12,16,5,256.1,2024-02-24
289,142,13,45,5,477.19,2024-10-16
290,208,3,24,2,93.94,2024-06-30
291,15,7,69,3,174.83,2024-12-01
292,231,1,71,4,1035.58,2024-05-05
293,30,2,29,4,1856.18,2024-09-08
294,27,5,1,4,1221.05,2024-04-27
295,144,14,16,5,264.36,2024-01-07
296,134,15,23,4,506.39,2024-09-17
297,192,13,54,3,814.92,2024-06-09
298,71,12,6,3,313.49,2024-10-18
299,240,2,9,3,263.4,2024-05-17
300,141,2,29,1,458.85,2024-12-09
301,154,2,27,5,1795.49,2024-10-07
302,92,8,8,4,926.15,2024-03-11
303,65,1,6,1,101.87,2024-11-29
304,25,8,23,2,212.51,2024-04-13
305,226,10,51,4,775.96,2024-11-27
306,104,8,77,4,805.77,2024-03-25
307,126,7,30,1,385.21,2024-04-04
308,118,3,4,4,1169.12,2024-12-22
309,137,10,70,4,878.05,2024-11-22
310,143,15,33,4,252.33,2024-04-06
311,245,1,67,3,919.97,2024-03-04
312,14,3,50,1,84.68,2024-09-05
313,152,13,53,3,867.93,2024-12-30
314,1,1,58,4,464.34,2024-06-07
315,171,9,64,4,473.78,2024-08-17
316,69,10,12,4,126.66,2024-07-16
317,40,15,46,1,82.05,2024-05-05
318,134,6,2,5,355.43,2024-05-19
319,47,10,57,1,141.89,2024-11-21
320,30,10,51,2,379.83,2024-01-26
321,95,12,11,2,152.05,2024-02-26
322,132,3,37,4,566.86,2024-02-10
323,81,14,68,5,409.96,2024-10-18
324,192,13,10,4,1192.45,2024-05-06
325,249,5,19,3,181.96,2024-06-06
326,66,12,40,5,606.72,2024-10-18
327,134,15,32,3,296.08,2024-08-18
328,58,5,19,4,231.21,2024-09-26
329,244,13,8,1,260.84,2024-09-13
330,33,7,62,2,141.55,2024-12-08
331,137,14,67,5,1640.42,2024-05-18
332,41,2,74,4,829.22,2024-12-19
333,136,3,62,3,228.18,2024-09-22
334,189,6,54,5,1323.28,2024-03-05
335,63,1,10,3,770.74,2024-06-04
336,238,7,69,2,120.82,2024-01-15
337,224,3,35,1,121.73,2024-08-24
338,222,6,69,4,267.5,2024-10-25
339,247,6,72,4,1922.64,2024-02-10
340,124,15,34,3,231.78,2024-04-06
341,179,5,47,2,178.58,2024-04-24
342,162,15,37,3,450.77,2024-04-07
343,105,14,35,1,112.98,2024-04-09
344,118,5,19,4,229.88,2024-02-25
345,78,1,53,5,1249.77,2024-12-20
346,206,11,70,1,184.69,2024-11-29
347,80,6,9,4,375.62,2024-01-26
348,168,3,65,4,632.13,2024-02-02
349,68,8,22,3,1082.78,2024-06-12
350,40,1,45,1,76.45,2024-10-13
351,109,10,36,4,186.51,2024-03-22
352,52,4,5,5,1490.25,2024-01-05
353,87,3,34,2,149.17,2024-01-06
354,6,4,9,4,317.55,2024-02-04
355,178,12,49,4,240.12,2024-01-06
356,220,8,75,5,473.75,2024-06-10
357,231,4,23,3,329.63,2024-04-17
358,21,1,23,2,221.77,2024-10-11
359,220,13,1,2,674.62,2024-03-08
360,33,1,53,1,263.34,2024-10-24
361,18,13,6,2,248.75,2024-03-08
362,14,5,8,4,927.13,2024-07-30
363,170,15,60,1,152.65,2024-08-31
364,163,11,42,3,499.1,2024-11-14
365,240,13,34,1,75.98,2024-11-23
366,59,9,53,2,518.71,2024-08-28
367,38,11,3,2,521.3,2024-11-02
368,206,1,44,4,262.83,2024-09-30
369,183,5,61,2,251.23,2024-09-05
370,161,4,67,1,326.07,2024-02-21
371,9,3,60,5,704.92,2024-12-22
372,142,6,69,1,70.18,2024-02-07
373,219,8,75,3,286.6,2024-11-18
374,80,15,42,3,560.31,2024-06-11
375,227,12,15,4,143.49,2024-03-30
376,243,3,42,2,375.17,2024-08-20
377,99,3,20,2,140.18,2024-03-31
378,174,7,9,5,413.29,2024-07-14
379,246,14,37,1,128.17,2024-04-10
380,250,4,10,4,1059.35,2024-01-10
381,129,5,64,5,610.45,2024-06-18
382,70,1,6,1,110.26,2024-11-10
383,97,11,45,1,80.0,2024-06-09
384,202,4,64,3,367.16,2024-04-03
385,110,7,27,2,664.36,2024-11-02
386,82,12,19,2,117.84,2024-09-11
387,82,8,21,3,433.3,2024-01-09
388,21,7,45,5,379.08,2024-11-05
389,99,3,36,2,91.81,2024-02-29
390,174,2,25,5,2135.35,2024-12-06
391,149,12,49,2,121.25,2024-03-19
392,105,11,69,3,182.98,2024-04-02
393,111,1,43,3,142.26,2024-01-14
394,172,11,4,2,471.65,2024-02-24
395,168,4,2,1,59.0,2024-09-30
396,218,14,36,1,40.81,2024-02-12
397,25,3,23,1,123.0,2024-05-31
398,170,9,15,3,112.51,2024-08-10
399,107,9,48,3,995.45,2024-02-23
400,241,13,58,5,644.75,2024-06-07
401,193,5,78,1,34.42,2024-07-17
402,159,3,64,4,563.78,2024-09-02
403,213,4,43,4,189.94,2024-05-24
404,103,14,16,5,267.36,2024-03-07
405,76,4,15,5,180.09,2024-08-11
406,53,13,1,3,1055.35,2024-01-24
407,42,5,69,2,123.57,2024-02-27
408,188,5,61,5,617.58,2024-12-24
409,29,14,60,2,265.32,2024-07-27
410,196,10,68,1,92.48,2024-09-20
411,51,12,62,1,64.49,2024-08-09
412,105,7,6,1,101.77,2024-06-27
413,111,15,37,5,715.54,2024-02-19
414,83,1,42,2,327.91,2024-09-28
415,34,15,71,2,598.93,2024-11-11
416,166,3,8,1,257.16,2024-09-30
417,111,12,56,4,415.17,2024-04-26
418,228,3,68,5,473.41,2024-12-10
419,53,13,54,4,1143.06,2024-02-12
420,87,9,70,4,749.93,2024-08-20
421,250,2,24,1,48.07,2024-04-07
422,36,3,38,5,220.56,2024-12-10
423,218,9,8,3,700.97,2024-08-24
424,154,12,9,5,397.28,2024-12-28
425,18,13,54,4,1086.51,2024-11-29
426,109,1,48,5,1543.1,2024-11-21
427,134,15,42,2,396.4,2024-11-14
428,132,3,15,4,179.04,2024-12-21
429,174,2,80,2,283.62,2024-06-02
430,111,6,3,2,633.4,2024-07-11
431,168,6,6,5,634.61,2024-10-21
432,25,14,60,2,252.03,2024-09-16
433,47,10,38,5,223.31,2024-08-10
434,163,11,53,3,785.48,2024-10-23
435,156,14,42,4,647.26,2024-11-12
436,109,7,10,1,261.96,2024-10-20
437,8,10,73,5,511.97,2024-12-17
438,128,11,45,5,409.42,2024-05-25
439,71,7,57,2,264.55,2024-09-15
440,78,14,60,2,251.54,2024-08-22
441,242,9,27,4,1301.44,2024-10-01
442,187,13,67,5,1735.28,2024-05-28
443,111,6,66,4,303.56,2024-06-16
444,9,3,35,4,478.64,2024-07-23
445,142,5,8,1,232.36,2024-04-01
446,137,5,46,5,359.78,2024-04-23
447,143,1,74,5,907.03,2024-12-06
448,216,13,58,5,656.79,2024-10-31
449,122,12,14,5,623.5,2024-05-01
450,39,1,58,3,366.54,2024-01-25
451,55,1,45,4,324.66,2024-07-25
452,145,2,3,3,920.84,2024-02-19
453,67,9,25,4,1585.48,2024-12-06
454,230,14,56,4,400.68,2024-09-14
455,18,13,68,4,352.09,2024-11-25
456,68,13,27,4,1443.9,2024-12-18
457,109,2,39,3,983.14,2024-10-31
458,101,1,43,4,188.46,2024-07-24
459,235,14,44,1,65.6,2024-03-05
460,145,2,56,4,440.99,2024-08-05
461,100,13,1,3,1008.31,2024-11-21
462,169,11,1,3,900.47,2024-09-02
463,143,15,42,3,584.58,2024-11-03
464,84,7,8,5,1092.73,2024-01-04
465,213,8,25,3,1115.83,2024-06-27
466,27,4,69,1,57.03,2024-05-07
467,33,7,12,1,27.84,2024-08-29
468,237,4,19,4,236.67,2024-08-05
469,243,13,80,3,426.05,2024-12-30
470,83,11,6,2,214.66,2024-06-05
471,99,3,46,1,85.35,2024-09-14
472,48,6,2,3,216.95,2024-09-27
473,164,14,44,5,318.53,2024-08-17
474,79,8,28,3,119.81,2024-07-01
475,209,13,38,1,47.22,2024-08-24
476,113,2,74,4,835.28,2024-05-28
477,231,14,5,3,845.34,2024-09-18
478,8,9,4,5,1180.71,2024-02-12
479,202,14,37,2,259.69,2024-09-23
480,111,15,32,5,503.5,2024-09-30
481,48,15,36,4,182.72,2024-04-10
482,74,1,56,2,195.3,2024-02-02
483,202,6,53,3,898.53,2024-04-18
484,134,15,68,1,87.47,2024-10-16
485,28,14,65,2,259.05,2024-07-14
486,23,8,57,4,535.82,2024-10-30
487,53,13,29,2,939.93,2024-03-10
488,67,10,56,3,359.39,2024-06-23
489,157,1,67,1,322.74,2024-02-27
490,137,1,43,4,182.26,2024-01-09
491,232,9,43,2,89.89,2024-02-13
492,153,9,57,3,400.75,2024-03-28
493,76,11,57,5,628.95,2024-12-09
494,193,10,36,5,236.76,2024-07-08
495,199,14,43,5,230.65,2024-09-23
496,190,3,32,2,194.72,2024-08-13
497,150,12,62,5,342.81,2024-12-05
498,162,14,18,3,188.34,2024-04-06
499,156,11,58,1,116.87,2024-06-17
500,158,13,34,3,237.73,2024-05-16
501,109,13,6,5,642.26,2024-09-24
502,72,2,27,5,1828.72,2024-08-10
503,138,14,33,5,271.96,2024-09-08
504,138,14,46,5,356.3,2024-01-12
505,204,12,74,2,386.9,2024-08-15
506,148,8,39,2,595.31,2024-08-05
507,124,15,50,1,83.48,2024-12-02
508,34,6,60,1,151.72,2024-12-08
509,168,6,4,1,281.56,2024-10-26
510,246,2,75,3,311.51,2024-06-10
511,189,6,2,5,341.16,2024-09-30
512,232,13,6,3,360.86,2024-03-10
513,55,5,27,4,1217.07,2024-06-24
514,247,15,51,2,402.8,2024-02-10
515,177,4,69,4,241.68,2024-04-17
516,40,6,43,5,264.53,2024-08-08
517,112,2,28,1,45.98,2024-07-16
518,97,14,65,5,640.58,2024-06-26
519,26,13,8,4,1080.9,2024-11-10
520,169,1,57,2,256.05,2024-04-03
521,8,8,70,5,961.13,2024-11-28
522,105,7,8,3,652.39,2024-02-12
523,207,7,3,4,1034.08,2024-02-23
524,119,10,42,2,379.59,2024-11-21
525,137,15,50,1,78.61,2024-12-08
526,140,9,54,2,454.36,2024-03-14
527,108,8,25,5,1961.72,2024-05-14
528,67,11,59,1,38.1,2024-10-23
529,152,4,7,1,248.51,2024-10-21
530,220,13,69,1,69.49,2024-03-29
531,138,9,36,5,197.93,2024-05-18
532,82,14,45,1,81.92,2024-05-01
533,213,14,69,4,231.3,2024-09-08
534,63,2,72,5,2400.77,2024-03-02
535,187,13,35,1,121.72,2024-04-16
536,176,10,65,4,590.53,2024-08-28
537,167,8,66,2,130.15,2024-04-19
538,73,7,58,1,121.17,2024-02-18
539,184,4,1,5,1562.96,2024-06-27
540,132,4,54,1,231.43,2024-03-06
541,35,7,6,1,110.94,2024-02-04
542,217,11,8,1,227.22,2024-11-30
543,80,6,9,1,87.19,2024-12-28
544,127,12,35,1,109.79,2024-03-22
545,96,5,31,5,494.43,2024-01-31
546,196,10,35,2,257.17,2024-10-05
547,8,8,80,4,474.1,2024-07-18
548,222,5,53,2,488.19,2024-07-10
549,216,2,25,2,851.69,2024-05-15
550,228,14,28,2,78.14,2024-02-25
551,213,9,5,2,567.85,2024-09-26
552,26,7,28,1,39.29,2024-03-17
553,103,9,71,2,477.4,2024-03-18
554,181,13,31,4,466.09,2024-07-31
555,35,12,41,2,139.09,2024-10-05
556,71,10,46,1,82.37,2024-09-10
557,35,4,67,1,301.73,2024-08-24
558,158,4,7,1,250.46,2024-03-28
559,39,3,51,5,922.51,2024-09-17
560,227,8,70,4,747.26,2024-03-02
561,206,1,41,3,215.67,2024-02-27
562,29,8,80,1,122.49,2024-01-04
563,66,8,72,1,418.46,2024-03-15
564,58,14,38,2,76.97,2024-03-14
565,10,2,26,2,858.47,2024-05-18
566,18,13,10,4,1208.93,2024-08-30
567,34,15,36,4,184.51,2024-06-29
568,80,6,3,4,1254.52,2024-06-02
569,143,12,78,2,70.48,2024-06-25
570,178,14,73,3,257.85,2024-01-19
571,166,3,41,5,406.82,2024-02-16
572,139,3,37,5,744.92,2024-07-30
573,123,5,61,4,463.02,2024-08-25
574,16,7,65,5,646.09,2024-08-21
575,7,5,18,4,258.43,2024-10-12
576,29,2,75,3,327.2,2024-10-17
577,70,3,51,5,989.77,2024-09-27
578,229,15,26,4,1666.9,2024-11-16
579,202,3,38,3,137.66,2024-09-18
580,70,7,2,5,291.52,2024-04-24
581,106,10,55,2,145.1,2024-01-05
582,36,3,65,2,315.36,2024-07-02
583,124,15,1,1,328.67,2024-10-07
584,97,9,10,4,1016.09,2024-10-30
585,10,2,23,1,121.5,2024-07-26
586,58,13,71,2,592.92,2024-03-12
587,127,11,53,5,1282.24,2024-10-22
588,118,12,80,1,121.44,2024-10-04
589,158,13,3,5,1540.61,2024-05-12
590,63,7,1,5,1548.37,2024-10-28
591,71,9,32,4,337.77,2024-02-19
592,214,12,56,1,103.75,2024-09-24
593,48,15,72,3,1403.89,2024-06-17
594,37,9,40,2,264.17,2024-04-06
595,67,11,2,1,59.54,2024-06-14
596,201,13,53,3,858.81,2024-10-21
597,69,10,42,4,766.67,2024-03-16
598,14,12,62,2,131.82,2024-11-25
599,5,12,70,1,197.4,2024-03-18
600,134,15,44,1,73.69,2024-07-19
601,99,3,33,4,250.62,2024-06-15
602,134,15,46,2,170.79,2024-03-22
603,202,15,44,1,73.77,2024-02-18
604,76,13,43,1,54.13,2024-12-17
605,241,7,6,3,314.37,2024-01-10
606,171,5,51,1,174.6,2024-02-01
607,155,8,22,3,1107.17,2024-01-13
608,22,1,8,5,1083.52,2024-02-14
609,23,1,23,2,227.16,2024-03-06
610,200,10,50,1,79.33,2024-12-01
611,162,15,55,4,308.36,2024-04-24
612,198,14,34,3,198.12,2024-01-24
613,111,15,57,4,619.39,2024-11-20
614,99,5,4,1,245.97,2024-06-19
615,2,4,71,2,522.76,2024-06-07
616,217,8,28,3,118.86,2024-08-03
617,174,2,26,3,1268.59,2024-12-13
618,172,3,51,4,811.15,2024-09-17
619,217,7,48,3,999.11,2024-07-23
620,71,3,80,4,586.61,2024-07-28
621,140,14,42,5,821.72,2024-08-27
622,21,14,75,1,95.02,2024-07-04
623,10,1,4,5,1191.1,2024-10-16
624,78,8,17,2,136.23,2024-05-19
625,43,13,52,4,1370.45,2024-02-26
626,190,3,42,5,987.9,2024-07-01
627,166,3,3,4,1261.63,2024-05-21
628,58,13,13,5,201.68,2024-04-10
629,141,9,5,4,1129.18,2024-12-08
630,60,7,43,5,240.97,2024-09-13
631,222,14,36,1,39.66,2024-05-21
632,138,10,51,4,754.9,2024-01-10
633,210,6,2,2,133.17,2024-07-08
634,51,5,36,1,40.74,2024-04-05
635,221,4,48,1,313.21,2024-09-27
636,2,7,31,4,376.01,2024-12-31
637,165,12,50,1,75.16,2024-04-13
638,218,3,60,5,763.0,2024-11-14
639,13,10,42,1,201.44,2024-04-17
640,236,5,15,2,71.78,2024-12-19
641,192,8,74,5,928.09,2024-02-23
642,168,15,20,3,222.75,2024-11-11
643,185,13,4,5,1417.93,2024-11-21
644,211,8,63,1,216.31,2024-02-09
645,246,4,8,3,676.19,2024-12-27
646,56,2,74,5,1102.8,2024-08-29
647,154,3,30,4,1653.95,2024-07-31
648,250,2,15,5,214.18,2024-03-20
649,174,3,51,3,579.02,2024-03-02
650,51,9,8,1,223.54,2024-08-02
651,222,9,1,2,618.29,2024-10-07
652,173,1,71,3,770.68,2024-08-26
653,249,14,31,2,197.93,2024-12-08
654,76,14,35,2,226.37,2024-04-05
655,32,3,32,4,407.97,2024-07-14
656,91,9,34,4,271.77,2024-01-11
657,206,7,45,1,78.61,2024-12-19
658,153,2,19,1,66.87,2024-02-29
659,105,14,19,4,226.68,2024-09-02
660,124,15,68,3,284.04,2024-03-21
661,218,5,79,1,114.11,2024-04-23
662,178,10,65,1,147.86,2024-01-06
663,234,5,49,5,313.66,2024-02-08
664,4,14,38,1,38.34,2024-07-07
665,247,15,71,4,1171.82,2024-07-25
666,204,12,78,5,186.89,2024-04-29
667,141,5,11,3,219.96,2024-03-01
668,234,15,42,2,385.6,2024-10-26
669,68,13,8,5,1271.07,2024-02-26
670,13,3,64,3,429.88,2024-03-09
671,152,4,67,4,1267.81,2024-06-23
672,168,6,6,5,609.64,2024-04-26
673,99,12,20,3,188.97,2024-07-08
674,214,13,2,3,199.21,2024-02-22
675,118,1,57,4,494.17,2024-07-15
676,216,13,71,2,573.43,2024-02-01
677,26,4,10,2,511.96,2024-04-05
678,48,15,65,3,465.72,2024-12-09
679,36,3,46,3,265.47,2024-07-20
680,136,11,5,4,1121.86,2024-09-21
681,77,14,58,4,465.89,2024-03-10
682,115,1,49,2,117.37,2024-02-04
683,214,14,44,2,135.83,2024-07-24
684,107,8,46,5,360.57,2024-09-27
685,185,7,54,5,1141.14,2024-12-09
686,8,12,67,5,1661.88,2024-10-29
687,60,11,43,3,144.42,2024-05-12
688,89,1,68,5,406.87,2024-08-30
689,148,4,3,3,817.64,2024-08-18
690,244,7,1,3,872.82,2024-12-01
691,83,12,12,4,106.76,2024-08-25
692,182,8,29,2,787.43,2024-02-09
693,8,10,68,3,263.67,2024-04-02
694,54,8,17,4,283.99,2024-04-02
695,181,1,71,2,498.69,2024-02-24
696,214,13,63,4,992.86,2024-09-08
697,23,2,21,5,856.55,2024-07-09
698,250,2,80,2,269.25,2024-03-30
699,245,2,27,5,1893.38,2024-04-01
700,36,3,73,5,489.17,2024-05-16
701,61,3,33,1,63.68,2024-01-13
702,19,14,31,2,200.95,2024-02-11
703,237,7,2,3,184.47,2024-01-17
704,150,5,16,4,222.49,2024-04-03
705,235,5,64,2,250.31,2024-08-13
706,132,3,38,5,217.2,2024-04-23
707,127,10,42,3,553.52,2024-06-28
708,249,10,42,1,196.82,2024-04-22
709,155,12,56,2,208.74,2024-09-09
710,13,3,34,4,298.88,2024-11-29
711,77,1,73,4,341.92,2024-08-08
712,108,12,76,3,157.15,2024-08-20
713,43,14,44,3,208.74,2024-10-28
714,68,8,76,3,144.97,2024-01-01
715,220,9,10,1,253.14,2024-09-10
716,217,6,22,1,429.51,2024-12-06
717,237,12,16,5,256.9,2024-04-05
718,186,13,39,2,688.65,2024-05-23
719,139,5,12,5,129.78,2024-03-21
720,64,6,1,2,672.81,2024-02-04
721,40,1,43,3,145.49,2024-01-31
722,73,2,37,3,446.69,2024-12-15
723,168,15,73,5,503.1,2024-04-16
724,238,10,36,3,141.22,2024-07-20
725,189,15,73,1,101.26,2024-10-02
726,60,11,9,3,229.14,2024-10-23
727,114,1,77,4,813.86,2024-11-09
728,11,10,38,4,181.0,2024-02-08
729,118,8,63,3,618.9,2024-01-08
730,47,7,9,1,80.17,2024-08-17
731,78,6,6,4,486.95,2024-12-25
732,26,4,8,4,865.45,2024-08-04
733,244,14,46,2,152.35,2024-09-17
734,235,11,48,1,331.93,2024-03-13
735,7,12,55,1,65.05,2024-04-27
736,2,1,6,5,553.56,2024-06-10
737,36,14,37,2,256.66,2024-02-02
738,161,6,43,1,52.63,2024-03-12
739,41,2,22,5,2212.9,2024-09-05
740,80,15,35,3,383.57,2024-05-08
741,34,14,33,5,280.31,2024-12-28
742,66,14,42,5,863.48,2024-10-29
743,6,3,73,4,411.03,2024-08-08
744,163,8,27,2,660.1,2024-03-28
745,178,10,34,3,239.15,2024-01-30
746,218,3,44,4,298.61,2024-09-23
747,162,6,68,2,188.21,2024-10-04
748,83,3,62,2,153.72,2024-03-29
749,190,1,48,4,1229.15,2024-10-26
750,158,13,41,3,231.96,2024-10-26
751,44,7,6,2,220.73,2024-01-05
752,100,13,71,4,1110.89,2024-06-02
753,45,8,27,5,1631.16,2024-04-02
754,4,11,6,2,207.45,2024-05-20
755,60,2,21,5,841.63,2024-08-01
756,44,7,57,1,123.7,2024-07-23
757,68,1,44,1,69.48,2024-07-03
758,50,7,54,3,727.33,2024-01-10
759,60,12,7,1,248.5,2024-05-05
760,138,6,18,2,141.07,2024-08-25
761,73,2,21,1,163.67,2024-01-11
762,202,15,32,3,299.85,2024-07-23
763,192,2,22,4,1791.58,2024-03-07
764,73,7,57,3,366.31,2024-10-20
765,111,6,52,1,339.1,2024-08-05
766,38,11,15,2,78.33,2024-04-11
767,4,13,80,3,414.51,2024-02-17
768,77,7,7,1,243.91,2024-05-21
769,30,15,26,4,1596.11,2024-08-28
770,230,11,45,4,330.71,2024-01-17
771,220,7,33,5,273.25,2024-11-15
772,210,1,52,1,295.72,2024-06-23
773,184,2,23,4,504.33,2024-10-16
774,45,4,6,1,110.5,2024-05-26
775,57,9,9,3,228.83,2024-09-11
776,99,3,46,2,172.33,2024-07-18
777,193,10,2,2,136.89,2024-05-30
778,121,13,5,4,1339.89,2024-01-22
779,177,5,17,5,344.76,2024-12-27
780,17,5,1,5,1476.77,2024-09-13
781,87,14,41,4,287.51,2024-05-17
782,236,3,46,5,435.24,2024-01-17
783,123,10,42,4,737.18,2024-09-07
784,166,14,13,3,102.37,2024-09-15
785,137,15,32,4,413.03,2024-02-12
786,193,9,71,3,777.73,2024-05-11
787,202,15,51,2,383.04,2024-02-04
788,48,6,57,5,743.5,2024-01-31
789,218,3,34,1,78.98,2024-06-06
790,202,6,72,4,1748.12,2024-04-30
791,189,6,2,2,141.71,2024-08-15
792,235,5,61,2,233.54,2024-07-21
793,166,8,27,1,328.04,2024-08-29
794,203,12,16,5,280.75,2024-04-03
795,47,12,59,5,192.65,2024-02-11
796,176,10,68,4,358.18,2024-09-14
797,37,13,7,5,1406.14,2024-06-04
798,209,11,57,5,665.6,2024-09-14
799,192,13,43,3,167.22,2024-12-09
800,78,11,5,1,295.19,2024-01-31
801,166,5,55,1,65.68,2024-07-24
802,186,11,52,4,1151.16,2024-02-01
803,95,13,1,4,1338.3,2024-10-24
804,249,10,33,5,331.06,2024-03-22
805,31,8,72,3,1253.29,2024-04-14
806,119,13,1,5,1712.78,2024-06-06
807,127,10,36,1,44.15,2024-12-22
808,204,10,33,2,134.24,2024-06-03
809,164,11,3,1,264.07,2024-10-16
810,116,10,51,5,935.89,2024-11-11
811,113,6,45,3,286.47,2024-09-28
812,70,3,68,3,277.65,2024-05-05
813,90,13,10,4,1200.34,2024-02-27
814,121,7,1,4,1216.85,2024-11-24
815,170,5,14,3,394.44,2024-09-27
816,195,10,7,1,280.23,2024-05-09
817,236,15,19,5,326.55,2024-01-01
818,241,4,2,1,60.22,2024-11-02
819,70,3,32,2,192.45,2024-11-18
820,9,9,3,4,1043.01,2024-03-17
821,43,9,54,5,1155.69,2024-05-31
822,77,14,42,1,170.5,2024-01-10
823,38,8,39,5,1432.58,2024-11-27
824,162,8,23,4,435.09,2024-08-04
825,78,15,50,1,79.71,2024-08-29
826,101,7,58,1,117.67,2024-01-09
827,160,4,2,2,126.71,2024-08-03
828,173,4,34,3,195.87,2024-06-15
829,100,13,43,5,274.19,2024-09-05
830,111,15,44,2,149.66,2024-12-02
831,189,15,33,2,134.23,2024-08-22
832,111,6,9,5,455.7,2024-12-26
833,64,1,58,1,112.99,2024-05-30
834,97,4,10,1,251.43,2024-04-23
835,196,12,61,1,122.64,2024-08-13
836,144,13,32,4,417.04,2024-05-19
837,225,14,70,2,372.71,2024-10-18
838,128,8,63,3,668.81,2024-07-23
839,39,7,17,2,137.82,2024-07-14
840,207,7,69,5,297.28,2024-10-26
841,113,2,75,2,207.69,2024-01-26
842,48,5,50,2,138.55,2024-07-29
843,8,10,51,1,202.39,2024-10-18
844,62,10,49,5,366.87,2024-11-03
845,211,11,69,5,292.49,2024-06-13
846,216,13,52,5,1707.45,2024-12-29
847,116,8,48,4,1214.73,2024-03-03
848,66,4,2,5,315.36,2024-05-08
849,134,15,37,5,725.08,2024-04-07
850,90,13,52,1,324.94,2024-02-04
851,77,5,78,4,150.48,2024-03-16
852,158,14,9,3,244.68,2024-12-04
853,219,4,10,5,1221.27,2024-06-02
854,242,2,64,3,402.57,2024-11-21
855,140,14,32,5,443.91,2024-08-10
856,84,11,50,3,207.69,2024-12-07
857,35,12,11,3,233.92,2024-12-29
858,39,11,6,2,209.39,2024-04-28
859,146,1,55,4,264.4,2024-02-22
860,144,10,52,2,710.3,2024-10-18
861,199,14,32,3,260.8,2024-03-08
862,247,15,32,1,100.44,2024-07-28
863,26,7,56,5,489.1,2024-09-02
864,167,3,38,1,44.83,2024-06-06
865,66,8,26,3,1045.98,2024-02-07
866,50,11,69,3,186.34,2024-02-19
867,14,1,54,2,484.66,2024-02-07
868,249,8,28,4,151.04,2024-10-21
869,37,13,43,5,275.91,2024-10-25
870,193,10,65,2,295.4,2024-01-21
871,77,4,38,3,116.54,2024-08-17
872,141,5,35,4,433.32,2024-08-15
873,246,12,15,2,73.34,2024-02-03
874,2,15,61,4,543.22,2024-11-07
875,162,2,80,3,406.32,2024-12-21
876,247,4,69,5,295.46,2024-05-17
877,137,6,3,5,1597.97,2024-09-17
878,89,1,3,1,265.12,2024-08-19
879,70,5,80,4,499.55,2024-05-07
880,127,10,65,4,578.18,2024-05-25
881,151,1,1,3,884.26,2024-06-08
882,12,2,32,5,526.15,2024-12-30
883,39,9,58,1,119.43,2024-10-28
884,101,7,6,2,213.15,2024-10-05
885,103,9,36,1,40.18,2024-09-30
886,4,9,43,2,94.69,2024-06-22
887,98,2,72,5,2227.9,2024-04-14
888,61,12,49,2,118.05,2024-04-07
889,77,10,31,5,583.43,2024-01-28
890,111,13,57,5,742.55,2024-01-22
891,204,10,77,5,1143.64,2024-12-20
892,227,11,29,1,380.07,2024-12-14
893,234,14,51,4,645.71,2024-06-20
894,71,9,58,1,115.47,2024-07-23
895,48,4,15,5,189.72,2024-01-17
896,117,5,21,2,273.11,2024-04-25
897,174,10,65,3,450.1,2024-05-22
898,123,5,8,5,1143.7,2024-12-13
899,103,13,3,3,921.12,2024-02-07
900,159,14,38,5,194.18,2024-09-05
901,201,13,52,2,664.8,2024-12-25
902,4,13,1,2,707.63,2024-02-07
903,137,12,15,3,111.92,2024-10-11
904,124,15,67,4,1391.21,2024-01-27
905,61,7,48,2,634.28,2024-01-05
906,48,6,55,3,233.21,2024-11-15
907,151,9,7,5,1176.99,2024-03-01
908,236,3,31,2,221.2,2024-01-12
909,47,10,59,3,131.96,2024-12-22
910,27,10,36,4,173.59,2024-11-15
911,137,12,15,4,147.18,2024-09-09
912,161,15,42,5,1008.5,2024-01-23
913,143,6,43,2,107.88,2024-03-04
914,5,9,16,5,271.66,2024-06-27
915,90,11,10,3,785.7,2024-07-22
916,41,7,77,3,600.21,2024-09-09
917,71,10,49,1,68.12,2024-07-28
918,216,2,80,4,538.4,2024-01-06
919,115,5,20,4,263.79,2024-07-26
920,34,1,3,3,810.17,2024-01-14
921,63,2,9,4,356.47,2024-11-21
922,41,2,22,3,1286.08,2024-10-19
923,96,1,9,3,228.77,2024-05-05
924,150,10,32,4,422.76,2024-07-06
925,25,4,41,4,283.06,2024-06-12
926,118,12,13,5,177.91,2024-09-29
927,112,7,39,4,1193.03,2024-08-07
928,78,6,7,3,869.11,2024-09-10
929,161,5,59,4,152.67,2024-01-04
930,40,6,32,4,417.87,2024-02-15
931,68,9,1,1,302.1,2024-03-24
932,155,1,54,2,464.34,2024-03-14
933,181,12,62,2,138.82,2024-03-09
934,145,4,52,3,868.1,2024-04-05
935,144,14,42,2,344.45,2024-07-21
936,247,15,36,3,131.88,2024-08-30
937,111,15,73,3,313.18,2024-01-24
938,36,3,34,3,234.92,2024-01-01
939,63,2,26,5,2015.8,2024-03-11
940,247,4,3,5,1362.03,2024-03-17
941,247,15,46,1,84.68,2024-05-17
942,88,12,47,1,97.02,2024-08-14
943,48,6,8,1,246.27,2024-07-20
944,138,13,5,2,684.2,2024-08-09
945,186,11,17,4,276.24,2024-08-27
946,53,4,54,5,1218.52,2024-01-18
947,103,7,62,1,70.35,2024-08-14
948,54,1,2,2,119.27,2024-01-18
949,111,6,39,2,689.36,2024-02-13
950,211,12,59,3,116.57,2024-03-08
951,34,15,56,4,470.49,2024-07-06
952,43,9,52,2,585.38,2024-01-02
953,238,14,36,1,40.91,2024-05-05
954,104,12,61,3,365.56,2024-07-25
955,68,15,10,3,886.96,2024-05-16
956,124,6,7,5,1446.46,2024-10-19
957,125,11,70,3,601.1,2024-11-02
958,232,13,67,5,1892.06,2024-06-09
959,222,1,7,2,509.26,2024-08-11
960,56,5,18,5,305.4,2024-07-14
961,56,2,75,5,555.36,2024-02-08
962,222,11,43,5,229.24,2024-06-22
963,65,4,3,2,549.89,2024-08-11
964,179,12,21,2,298.69,2024-10-29
965,181,9,64,3,350.8,2024-11-22
966,218,3,68,4,348.53,2024-09-19
967,90,13,17,2,158.85,2024-11-25
968,167,9,43,5,245.27,2024-05-28
969,23,2,23,2,254.11,2024-05-10
970,127,10,73,3,305.15,2024-12-13
971,202,6,73,4,398.7,2024-12-13
972,62,9,80,4,474.25,2024-07-21
973,243,13,5,4,1276.52,2024-07-24
974,126,3,46,4,350.99,2024-07-27
975,85,5,61,4,472.42,2024-07-02
976,78,15,23,3,372.66,2024-05-20
977,2,1,57,4,505.22,2024-07-31
978,76,13,2,3,199.35,2024-07-14
979,78,6,9,3,268.16,2024-09-19
980,69,10,37,2,290.07,2024-09-30
981,5,7,8,3,695.77,2024-01-22
982,17,12,18,4,242.74,2024-11-14
983,208,5,20,2,126.96,2024-07-29
984,45,1,43,1,47.03,2024-09-30
985,8,4,36,1,38.41,2024-12-08
986,238,10,33,5,320.13,2024-09-05
987,217,14,74,4,721.5,2024-05-19
988,143,6,7,3,841.52,2024-05-18
989,4,9,2,4,234.35,2024-07-12
990,158,13,2,5,340.94,2024-11-23
991,245,11,9,1,82.73,2024-10-26
992,161,14,6,2,216.22,2024-08-09
993,44,1,33,3,161.52,2024-01-23
994,58,13,57,5,773.31,2024-03-12
995,34,6,10,2,560.03,2024-02-19
996,204,10,44,5,379.44,2024-07-04
997,27,10,9,5,476.22,2024-05-16
998,111,15,68,5,467.11,2024-03-07
999,156,14,68,4,323.1,2024-05-21
1000,56,2,28,2,94.86,2024-08-07
1001,189,1,71,4,1020.78,2024-05-23
1002,136,3,68,2,174.89,2024-08-15
1003,180,4,48,2,660.43,2024-04-19
1004,248,11,12,3,76.81,2024-09-28
1005,196,15,73,5,496.15,2024-03-16
1006,162,15,73,3,305.86,2024-10-07
1007,239,10,35,2,241.69,2024-03-14
1008,168,4,53,5,1260.73,2024-10-23
1009,39,1,30,4,1523.11,2024-10-20
1010,10,1,55,3,202.52,2024-12-31
1011,161,9,8,5,1098.94,2024-08-26
1012,149,8,29,1,401.28,2024-08-15
1013,128,7,7,5,1236.31,2024-10-05
1014,160,9,58,2,233.75,2024-02-03
1015,161,6,2,5,349.94,2024-07-08
1016,156,9,50,2,141.98,2024-10-08
1017,130,4,57,4,508.99,2024-09-25
1018,221,1,1,4,1188.58,2024-03-18
1019,152,4,4,2,467.27,2024-11-19
1020,18,13,43,1,54.12,2024-10-06
1021,246,2,70,1,223.04,2024-03-09
1022,207,14,65,1,137.76,2024-07-17
1023,195,12,77,1,215.08,2024-01-25
1024,151,8,75,2,189.12,2024-03-14
1025,142,7,30,2,731.3,2024-12-27
1026,170,9,56,3,301.65,2024-08-20
1027,161,15,65,3,454.52,2024-11-10
1028,221,7,8,2,442.17,2024-12-19
1029,4,8,57,2,262.94,2024-03-28
1030,207,14,28,1,38.69,2024-06-23
1031,11,11,41,4,285.66,2024-01-17
1032,48,6,69,5,351.11,2024-04-23
1033,71,9,36,3,113.25,2024-07-07
1034,138,9,3,3,774.53,2024-09-04
1035,167,1,14,2,264.31,2024-11-27
1036,43,13,58,4,518.79,2024-11-17
1037,243,13,5,5,1688.09,2024-08-18
1038,11,10,19,2,138.05,2024-06-03
1039,69,13,57,3,432.47,2024-08-30
1040,7,10,30,4,1759.55,2024-08-06
1041,209,5,49,2,127.03,2024-11-09
1042,247,6,7,1,279.54,2024-09-12
1043,111,6,19,4,265.06,2024-09-17
1044,247,7,7,1,237.69,2024-02-15
1045,143,6,30,2,832.4,2024-02-16
1046,219,7,48,1,320.85,2024-11-16
1047,66,12,64,4,497.93,2024-01-13
1048,234,8,30,4,1548.13,2024-12-29
1049,100,5,14,3,389.12,2024-10-20
1050,48,6,63,3,754.52,2024-11-08
1051,184,2,21,2,343.1,2024-02-09
1052,171,9,67,5,1515.89,2024-05-26
1053,59,15,39,3,1037.86,2024-07-16
1054,228,12,64,3,374.18,2024-04-14
1055,125,12,37,1,128.72,2024-03-06
1056,221,10,51,3,589.66,2024-05-03
1057,198,4,20,4,265.31,2024-11-20
1058,192,6,71,5,1419.7,2024-04-05
1059,63,2,74,4,828.71,2024-07-12
1060,106,7,3,1,260.22,2024-06-09
1061,101,12,36,2,81.56,2024-01-17
1062,215,3,38,3,138.66,2024-10-05
1063,19,1,27,4,1331.82,2024-10-10
1064,229,4,45,5,405.06,2024-02-18
1065,222,8,23,3,313.64,2024-06-04
1066,209,5,19,3,169.2,2024-03-25
1067,63,4,45,1,78.78,2024-07-21
1068,143,15,51,1,185.83,2024-07-15
1069,126,4,49,2,116.42,2024-10-26
1070,189,13,49,5,354.57,2024-07-01
1071,164,10,60,4,611.74,2024-05-14
1072,37,13,58,3,384.58,2024-04-01
1073,206,12,13,2,72.53,2024-05-18
1074,142,13,52,4,1314.94,2024-09-30
1075,34,15,38,2,87.44,2024-07-03
1076,97,5,11,3,235.43,2024-05-29
1077,39,10,34,3,235.1,2024-10-28
1078,135,8,39,2,565.91,2024-12-18
1079,75,1,43,3,136.92,2024-09-10
1080,112,11,57,2,245.27,2024-09-27
1081,43,13,58,4,564.72,2024-02-13
1082,53,5,40,1,131.65,2024-05-08
1083,111,4,52,2,600.81,2024-01-08
1084,205,8,80,4,471.46,2024-11-10
1085,104,11,41,4,275.14,2024-06-18
1086,43,13,58,1,130.09,2024-08-07
1087,149,14,32,1,86.67,2024-05-14
1088,39,3,32,1,97.78,2024-01-28
1089,111,3,43,1,54.81,2024-03-11
1090,14,3,35,1,124.23,2024-09-02
1091,27,1,9,3,244.62,2024-10-16
1092,118,3,38,2,94.59,2024-09-22
1093,16,3,32,3,294.76,2024-10-27
1094,36,3,51,2,392.74,2024-02-18
1095,190,11,6,1,102.32,2024-04-16
1096,137,5,18,5,300.51,2024-04-26
1097,45,11,57,4,536.95,2024-02-29
1098,138,13,33,3,198.94,2024-07-29
1099,73,11,7,3,716.69,2024-07-23
1100,198,5,79,4,447.8,2024-01-03
1101,159,3,37,3,419.69,2024-01-28
1102,208,12,41,2,139.48,2024-08-20
1103,172,11,8,3,685.07,2024-10-08
1104,161,11,69,4,247.97,2024-07-01
1105,214,7,43,2,98.34,2024-07-25
1106,145,6,35,4,515.02,2024-07-18
1107,45,3,66,1,74.01,2024-08-01
1108,77,7,54,3,696.66,2024-07-26
1109,149,14,21,3,446.69,2024-05-18
1110,112,15,30,3,1252.91,2024-10-24
1111,177,12,53,2,517.36,2024-10-22
1112,228,9,8,2,439.99,2024-12-28
1113,127,13,20,3,210.05,2024-08-31
1114,194,2,54,2,563.0,2024-10-07
1115,137,15,44,4,306.97,2024-09-13
1116,110,12,64,1,119.84,2024-02-21
1117,188,7,10,5,1272.27,2024-11-23
1118,158,4,70,1,192.1,2024-06-30
1119,58,14,65,1,127.0,2024-09-20
1120,51,11,12,1,26.01,2024-09-11
1121,76,13,54,2,564.65,2024-01-03
1122,183,2,71,1,288.87,2024-03-12
1123,188,7,7,1,237.57,2024-03-03
1124,102,5,76,3,156.53,2024-08-14
1125,48,7,9,2,163.24,2024-11-20
1126,218,3,51,2,402.88,2024-04-07
1127,30,10,75,5,545.93,2024-06-02
1128,56,1,67,3,950.75,2024-12-06
1129,29,2,72,4,1876.32,2024-10-17
1130,23,8,58,1,116.27,2024-10-08
1131,56,4,69,1,57.21,2024-07-18
1132,12,2,28,5,228.79,2024-10-26
1133,195,1,25,2,736.22,2024-05-19
1134,122,4,54,4,970.7,2024-04-15
1135,71,11,4,3,695.87,2024-10-15
1136,205,9,12,1,27.9,2024-08-10
1137,154,8,23,3,338.3,2024-02-16
1138,112,2,23,1,118.95,2024-06-08
1139,231,11,5,2,580.84,2024-08-01
1140,107,14,52,5,1556.57,2024-02-07
1141,40,15,35,1,131.15,2024-04-12
1142,129,5,43,3,141.27,2024-03-20
1143,54,1,3,4,1032.44,2024-09-01
1144,25,10,34,2,160.18,2024-07-14
1145,21,1,54,1,247.42,2024-02-14
1146,105,13,13,5,205.5,2024-01-09
1147,132,3,1,2,722.93,2024-09-23
1148,206,9,38,1,38.23,2024-09-30
1149,218,8,41,2,146.1,2024-12-22
1150,156,2,72,4,1900.29,2024-07-07
1151,98,8,72,2,806.74,2024-05-02
1152,202,9,5,4,1135.27,2024-02-26
1153,98,11,67,3,918.8,2024-11-24
1154,70,3,10,2,562.47,2024-06-20
1155,85,4,69,4,251.22,2024-04-04
1156,18,7,9,3,235.03,2024-06-14
1157,128,3,10,1,282.89,2024-07-05
1158,125,5,9,4,321.23,2024-11-01
1159,158,12,61,3,358.05,2024-11-05
1160,130,5,66,2,133.32,2024-01-16
1161,161,6,45,4,353.29,2024-07-05
1162,90,13,24,4,186.12,2024-02-14
1163,40,8,25,3,1124.01,2024-01-14
1164,98,5,61,1,122.2,2024-02-12
1165,220,5,36,1,40.89,2024-01-03
1166,97,14,55,2,127.65,2024-12-24
1167,114,9,14,1,120.34,2024-11-22
1168,106,14,32,3,276.23,2024-02-21
1169,35,8,21,4,568.58,2024-04-08
1170,185,9,45,2,152.52,2024-03-14
1171,38,9,58,2,229.55,2024-10-01
1172,121,5,15,5,181.06,2024-11-06
1173,11,10,33,1,65.63,2024-10-10
1174,116,5,15,2,73.77,2024-02-22
1175,30,12,45,1,81.69,2024-06-09
1176,82,4,57,2,248.17,2024-11-25
1177,152,9,1,4,1175.46,2024-11-23
1178,240,12,63,5,1119.11,2024-11-02
1179,138,13,58,1,139.65,2024-01-13
1180,143,15,43,2,105.59,2024-11-09
1181,33,6,66,1,76.28,2024-05-14
1182,121,5,56,3,305.39,2024-11-17
1183,36,3,68,5,474.94,2024-04-24
1184,99,1,45,4,331.67,2024-10-13
1185,182,11,30,4,1505.0,2024-02-29
1186,38,11,69,4,234.05,2024-05-02
1187,185,14,31,3,301.66,2024-10-09
1188,235,6,45,5,458.17,2024-12-23
1189,144,13,1,4,1395.06,2024-08-08
1190,226,10,35,5,633.97,2024-10-05
1191,4,7,2,4,237.41,2024-08-23
1192,60,4,9,3,237.58,2024-01-23
1193,52,2,23,2,247.15,2024-10-13
1194,250,2,63,2,497.82,2024-09-19
1195,50,5,47,5,471.1,2024-11-23
1196,76,10,60,4,612.27,2024-04-02
1197,208,6,10,2,571.74,2024-03-13
1198,124,15,31,1,109.58,2024-08-20
1199,33,12,40,3,368.77,2024-07-22
1200,178,10,60,3,458.59,2024-10-26
1201,111,15,73,4,391.38,2024-05-22
1202,9,3,37,2,293.77,2024-11-13
1203,152,13,8,1,253.83,2024-10-02
1204,135,15,32,3,288.35,2024-03-12
1205,47,10,80,5,677.25,2024-03-21
1206,56,2,17,1,78.24,2024-07-27
1207,139,8,23,1,106.81,2024-05-03
1208,127,10,37,4,599.18,2024-01-03
1209,57,7,46,1,78.45,2024-03-03
1210,60,14,68,1,77.65,2024-07-02
1211,48,1,52,1,301.59,2024-01-25
1212,75,2,28,4,183.08,2024-02-13
1213,11,10,24,5,232.88,2024-08-08
1214,60,2,49,3,214.13,2024-02-02
1215,190,9,69,3,171.07,2024-08-18
1216,208,10,30,1,420.96,2024-06-25
1217,206,12,18,2,119.98,2024-07-16
1218,161,11,58,1,114.79,2024-07-11
1219,113,5,32,4,334.05,2024-03-01
1220,238,10,34,1,78.16,2024-09-12
1221,249,7,52,3,850.25,2024-03-31
1222,121,11,54,1,229.97,2024-10-21
1223,218,3,62,5,370.74,2024-12-05
1224,160,2,25,2,832.52,2024-02-28
1225,123,7,57,1,126.93,2024-09-01
1226,110,11,8,2,433.76,2024-12-16
1227,32,8,25,1,392.22,2024-07-12
1228,163,14,44,5,327.65,2024-04-22
1229,48,15,35,5,615.39,2024-01-12
1230,8,1,32,4,362.75,2024-05-05
1231,145,10,20,2,148.78,2024-02-07
1232,37,4,45,5,401.83,2024-09-14
1233,98,14,37,2,263.34,2024-10-01
1234,67,12,78,5,174.97,2024-12-15
1235,106,8,23,3,337.88,2024-09-25
1236,14,3,4,4,1151.76,2024-03-24
1237,110,12,16,4,214.1,2024-04-22
1238,228,14,35,4,422.49,2024-05-23
1239,57,6,32,4,422.01,2024-07-06
1240,101,11,48,5,1591.34,2024-07-29
1241,136,5,20,5,314.65,2024-03-25
1242,209,5,37,3,389.72,2024-01-12
1243,105,5,41,1,73.4,2024-10-23
1244,108,3,73,3,319.57,2024-03-14
1245,173,14,55,2,134.06,2024-08-01
1246,127,12,18,3,191.6,2024-11-10
1247,150,8,33,3,173.57,2024-02-07
1248,70,3,50,1,79.83,2024-04-10
1249,229,5,62,1,66.04,2024-06-25
1250,186,8,25,3,1091.23,2024-09-23
1251,179,5,59,1,36.86,2024-11-28
1252,26,10,73,2,211.3,2024-04-08
1253,166,8,20,1,66.1,2024-12-23
1254,70,12,79,4,450.51,2024-08-15
1255,102,1,71,2,508.12,2024-09-23
1256,52,7,3,2,560.59,2024-03-18
1257,211,1,7,5,1207.62,2024-05-17
1258,61,3,70,2,432.44,2024-04-18
1259,218,7,67,4,1206.52,2024-09-17
1260,177,3,51,4,790.8,2024-11-22
1261,154,2,39,3,1031.63,2024-05-26
1262,80,15,50,4,322.43,2024-01-27
1263,38,2,63,1,255.62,2024-04-20
1264,34,6,43,3,159.84,2024-08-31
1265,136,6,8,5,1340.95,2024-04-20
1266,188,9,71,1,244.44,2024-11-22
1267,23,2,23,3,370.25,2024-09-17
1268,124,6,25,5,2204.21,2024-02-22
1269,132,5,62,3,201.59,2024-06-29
1270,13,9,69,1,57.63,2024-07-25
1271,239,9,10,4,981.03,2024-08-18
1272,68,9,69,1,57.94,2024-08-24
1273,27,13,69,5,351.75,2024-11-26
1274,53,12,14,4,485.93,2024-07-06
1275,238,9,57,4,493.68,2024-10-18
1276,249,10,50,5,421.82,2024-09-23
1277,170,4,52,1,295.81,2024-01-22
1278,83,12,43,5,227.35,2024-04-07
1279,92,5,9,5,392.14,2024-06-16
1280,181,8,63,2,421.34,2024-05-02
1281,149,4,66,2,124.43,2024-07-17
1282,169,7,53,4,991.7,2024-01-23
1283,246,2,55,4,302.24,2024-11-05
1284,54,14,37,1,121.37,2024-09-20
1285,202,6,48,4,1482.14,2024-11-27
1286,66,4,71,3,772.68,2024-12-29
1287,43,1,57,3,402.25,2024-08-06
1288,2,2,60,2,308.55,2024-01-04
1289,235,9,54,2,496.31,2024-01-05
1290,117,11,29,5,2053.52,2024-03-26
1291,204,8,74,1,180.11,2024-09-13
1292,36,5,79,4,457.92,2024-07-18
1293,1,4,8,1,223.43,2024-02-12
1294,16,3,36,2,88.18,2024-12-11
1295,126,5,78,1,35.52,2024-12-03
1296,218,8,58,4,450.19,2024-11-12
1297,238,14,55,1,66.55,2024-10-25
1298,122,11,45,5,392.96,2024-07-23
1299,198,7,10,1,257.95,2024-12-14
1300,135,7,25,3,1166.44,2024-01-09
1301,158,1,20,2,132.33,2024-05-24
1302,98,3,47,2,220.27,2024-11-15
1303,246,4,17,1,69.96,2024-05-12
1304,160,4,59,1,37.47,2024-05-25
1305,172,8,22,1,365.64,2024-11-23
1306,71,10,34,1,73.54,2024-12-28
1307,233,14,31,1,97.53,2024-03-09
1308,90,7,7,3,765.46,2024-06-21
1309,178,10,27,2,718.02,2024-09-16
1310,183,9,54,1,241.32,2024-02-25
1311,147,5,64,1,124.74,2024-07-15
1312,249,4,65,4,554.74,2024-07-17
1313,73,14,31,2,185.68,2024-04-16
1314,244,2,25,4,1726.65,2024-03-15
1315,158,13,43,3,167.39,2024-10-30
1316,247,15,38,1,43.6,2024-01-18
1317,226,12,19,1,59.47,2024-12-06
1318,23,1,48,1,313.49,2024-10-28
1319,144,1,36,2,81.66,2024-09-10
1320,124,15,26,2,809.73,2024-08-03
1321,168,14,49,5,310.72,2024-04-12
1322,43,13,2,5,331.59,2024-10-31
1323,178,10,34,1,79.23,2024-06-07
1324,211,14,32,2,176.05,2024-04-28
1325,137,6,58,5,691.8,2024-11-15
1326,13,11,30,1,389.91,2024-12-27
1327,163,4,52,1,288.87,2024-08-01
1328,44,7,71,1,250.09,2024-02-12
1329,173,3,67,1,358.74,2024-10-19
1330,200,5,79,3,347.38,2024-01-02
1331,89,14,29,1,415.79,2024-02-15
1332,90,1,28,2,74.91,2024-11-09
1333,128,7,78,4,145.99,2024-05-28
1334,166,3,40,2,294.93,2024-11-06
1335,122,4,46,1,76.85,2024-02-23
1336,208,7,54,1,239.15,2024-09-02
1337,223,7,68,5,408.4,2024-04-20
1338,238,7,58,5,610.37,2024-12-07
1339,168,6,21,4,687.97,2024-03-29
1340,133,10,60,5,763.2,2024-09-20
1341,146,1,25,4,1534.76,2024-02-13
1342,210,7,6,5,554.33,2024-11-04
1343,229,11,78,1,35.94,2024-10-24
1344,71,10,34,2,151.0,2024-11-14
1345,123,8,72,3,1254.34,2024-09-10
1346,76,7,7,5,1217.14,2024-09-29
1347,82,1,3,3,779.46,2024-08-13
1348,200,2,75,5,543.35,2024-10-19
1349,36,2,63,4,967.73,2024-02-17
1350,137,9,71,1,258.32,2024-06-06
1351,110,9,71,3,769.89,2024-01-03
1352,155,12,19,5,302.04,2024-04-02
1353,243,9,54,3,726.79,2024-01-26
1354,60,11,19,5,287.01,2024-03-04
1355,52,2,21,1,167.36,2024-07-19
1356,161,14,42,2,338.02,2024-01-12
1357,170,7,45,2,166.06,2024-03-23
1358,218,4,69,2,123.87,2024-11-20
1359,5,9,2,1,62.08,2024-09-12
1360,51,11,5,3,893.48,2024-07-16
1361,182,11,9,5,396.26,2024-05-02
1362,242,8,37,1,128.23,2024-06-16
1363,227,8,12,3,78.51,2024-12-05
1364,133,10,64,3,398.29,2024-07-13
1365,232,9,7,3,750.75,2024-05-09
1366,161,6,36,4,184.76,2024-10-08
1367,170,9,46,5,363.31,2024-05-17
1368,51,9,72,2,811.22,2024-06-29
1369,141,11,21,4,592.94,2024-04-20
1370,101,7,67,3,925.55,2024-01-16
1371,170,14,61,3,361.6,2024-01-03
1372,143,15,55,5,378.28,2024-12-02
1373,167,14,38,4,166.86,2024-12-19
1374,9,6,10,3,906.86,2024-07-03
1375,9,12,62,3,200.43,2024-03-25
1376,211,12,56,2,194.59,2024-11-04
1377,37,13,58,2,281.0,2024-09-07
1378,161,15,50,1,80.29,2024-01-15
1379,141,2,63,1,242.02,2024-12-12
1380,190,3,46,1,87.52,2024-10-14
1381,141,2,23,2,259.37,2024-11-01
1382,198,5,30,2,766.89,2024-11-13
1383,214,14,25,1,389.51,2024-02-21
1384,145,2,29,2,902.34,2024-04-04
1385,137,15,55,4,313.01,2024-12-07
1386,40,6,54,2,551.11,2024-10-10
1387,174,12,20,3,198.85,2024-05-12
1388,194,11,2,5,311.62,2024-11-16
1389,122,2,75,3,318.29,2024-07-02
1390,57,6,5,4,1283.45,2024-04-05
1391,217,9,53,2,491.43,2024-05-08
1392,25,7,18,1,63.65,2024-08-31
1393,185,6,22,4,1668.73,2024-02-21
1394,8,3,68,1,91.2,2024-12-01
1395,101,8,22,4,1497.72,2024-02-12
1396,62,10,38,5,230.74,2024-02-07
1397,191,7,2,3,178.13,2024-12-30
1398,80,6,17,4,317.39,2024-12-12
1399,100,13,28,3,139.72,2024-09-28
1400,40,15,50,1,83.72,2024-11-28
1401,99,3,32,4,395.67,2024-01-24
1402,174,14,36,2,75.99,2024-05-10
1403,99,3,60,2,298.65,2024-02-02
1404,112,2,30,3,1251.06,2024-02-13
1405,218,9,39,2,587.95,2024-11-10
1406,48,6,21,5,823.62,2024-03-01
1407,165,11,1,4,1158.38,2024-10-26
1408,240,2,25,4,1810.16,2024-06-22
1409,209,13,6,5,588.2,2024-08-06
1410,13,3,65,4,591.93,2024-11-12
1411,166,3,51,5,1005.53,2024-06-13
1412,56,8,56,4,382.56,2024-01-14
1413,202,6,53,3,856.31,2024-10-31
1414,159,12,11,3,239.52,2024-01-29
1415,71,5,11,2,146.47,2024-11-26
1416,191,7,32,5,438.7,2024-11-09
1417,228,1,10,3,794.76,2024-03-28
1418,127,10,51,1,188.3,2024-01-25
1419,3,5,27,3,945.08,2024-12-19
1420,174,8,23,5,553.13,2024-03-15
1421,202,4,57,1,122.54,2024-05-04
1422,141,14,58,2,224.57,2024-06-09
1423,109,2,24,5,225.13,2024-03-17
1424,26,1,58,2,231.37,2024-04-30
1425,165,3,10,4,1176.66,2024-11-22
1426,57,7,1,2,602.63,2024-12-12
1427,175,11,54,2,489.25,2024-11-03
1428,120,1,76,3,154.47,2024-08-07
1429,48,8,21,3,414.46,2024-05-11
1430,184,12,12,4,111.17,2024-08-21
1431,109,2,21,5,852.83,2024-06-13
1432,194,2,63,1,252.1,2024-10-26
1433,142,13,39,3,996.21,2024-07-05
1434,156,7,69,4,236.3,2024-07-18
1435,30,14,59,4,151.94,2024-04-30
1436,115,8,15,5,186.81,2024-03-13
1437,109,14,50,4,275.4,2024-07-24
1438,237,13,70,2,465.21,2024-07-09
1439,202,6,58,5,673.04,2024-05-26
1440,12,14,35,2,222.25,2024-05-27
1441,98,11,39,3,913.13,2024-07-14
1442,39,3,1,3,1082.41,2024-02-26
1443,107,2,39,2,689.09,2024-02-22
1444,134,6,48,5,1879.22,2024-04-16
1445,68,15,42,4,757.51,2024-10-02
1446,176,10,3,2,613.27,2024-10-13
1447,1,13,58,2,269.45,2024-11-04
1448,168,15,11,3,267.83,2024-04-02
1449,244,12,79,5,542.02,2024-11-25
1450,9,3,38,3,131.13,2024-05-15
1451,97,1,19,5,283.99,2024-10-05
1452,44,8,26,3,1073.33,2024-09-22
1453,6,4,4,4,991.1,2024-07-24
1454,14,11,62,3,206.03,2024-09-26
1455,249,10,33,5,320.17,2024-05-25
1456,196,10,41,2,168.35,2024-03-10
1457,44,2,72,3,1444.32,2024-07-01
1458,189,9,69,5,304.94,2024-01-05
1459,20,7,71,3,742.35,2024-05-04
1460,52,2,22,5,2129.45,2024-07-06
1461,91,14,36,4,151.93,2024-11-01
1462,156,5,59,5,190.09,2024-02-15
1463,55,10,32,4,405.06,2024-03-26
1464,13,12,17,1,69.41,2024-08-06
1465,90,8,26,1,354.52,2024-12-19
1466,108,4,31,1,97.2,2024-09-26
1467,40,6,6,3,374.13,2024-01-29
1468,122,4,77,3,637.55,2024-07-09
1469,199,9,8,3,687.3,2024-04-30
1470,154,11,71,1,241.13,2024-05-22
1471,56,12,20,2,132.01,2024-06-24
1472,109,2,26,3,1243.96,2024-02-04
1473,190,11,33,4,231.45,2024-04-01
1474,210,15,24,2,90.93,2024-01-20
1475,171,2,29,3,1333.97,2024-04-16
1476,198,12,40,2,241.99,2024-07-18
1477,199,4,8,1,233.59,2024-08-28
1478,204,10,80,1,143.36,2024-08-07
1479,170,12,64,5,602.32,2024-11-18
1480,235,5,72,5,2016.88,2024-03-31
1481,28,12,76,2,99.74,2024-02-17
1482,103,7,3,2,524.56,2024-11-14
1483,50,8,58,1,117.05,2024-03-10
1484,73,2,2,2,136.15,2024-11-29
1485,236,3,35,1,127.8,2024-09-25
1486,185,15,32,4,410.85,2024-05-05
1487,126,3,31,1,116.5,2024-02-21
1488,203,11,9,2,156.04,2024-10-10
1489,219,14,31,2,198.75,2024-05-05
1490,95,13,69,3,205.78,2024-06-28
1491,229,12,16,5,267.1,2024-02-03
1492,137,6,67,3,1049.38,2024-09-10
1493,48,6,60,1,145.09,2024-11-21
1494,87,3,80,1,141.35,2024-04-01
1495,221,7,3,1,273.81,2024-06-11
1496,82,7,24,5,201.42,2024-03-30
1497,163,1,31,4,385.37,2024-07-14
1498,150,7,55,5,316.27,2024-03-26
1499,64,10,33,5,312.89,2024-02-03
1500,211,11,7,5,1255.05,2024-11-14
1501,158,13,71,2,562.69,2024-07-12
1502,173,7,7,3,733.3,2024-04-13
1503,241,13,8,2,504.31,2024-08-29
1504,168,6,69,3,211.83,2024-09-16
1505,199,7,37,2,246.07,2024-10-14
1506,172,3,71,3,848.29,2024-08-18
1507,53,5,11,5,399.14,2024-03-24
1508,163,13,67,5,1910.26,2024-11-07
1509,226,5,62,1,65.78,2024-08-06
1510,224,13,37,3,421.24,2024-11-03
1511,121,2,22,3,1277.28,2024-10-08
1512,52,9,67,5,1558.4,2024-03-10
1513,131,9,28,3,123.91,2024-11-08
1514,103,11,67,4,1258.05,2024-10-28
1515,157,9,53,1,249.78,2024-02-24
1516,180,8,3,4,1088.9,2024-02-13
1517,67,14,11,1,73.39,2024-04-20
1518,209,13,48,4,1516.9,2024-08-02
1519,187,7,71,3,717.64,2024-09-15
1520,242,7,4,4,971.16,2024-05-29
1521,145,5,24,2,78.1,2024-04-16
1522,189,6,43,1,55.93,2024-05-22
1523,5,6,53,4,1200.95,2024-10-22
1524,125,13,2,2,143.36,2024-05-15
1525,189,15,73,5,497.09,2024-06-18
1526,158,13,17,3,228.83,2024-12-15
1527,62,14,65,4,542.02,2024-07-11
1528,213,14,33,4,229.06,2024-05-07
1529,166,9,8,4,931.19,2024-01-27
1530,99,11,57,3,374.41,2024-02-13
1531,198,1,5,4,1163.95,2024-07-12
1532,239,10,27,1,375.12,2024-11-25
1533,162,15,65,4,599.33,2024-07-11
1534,105,13,52,2,651.39,2024-04-09
1535,109,12,20,3,184.71,2024-10-31
1536,104,5,66,4,260.69,2024-05-05
1537,27,4,5,2,563.04,2024-08-13
1538,108,11,2,4,250.72,2024-03-04
1539,137,15,60,4,613.83,2024-03-29
1540,106,11,50,2,149.69,2024-08-15
1541,81,9,66,5,330.77,2024-10-10
1542,126,15,34,4,321.75,2024-07-10
1543,69,10,37,5,738.45,2024-03-11
1544,62,10,60,3,460.02,2024-01-15
1545,122,13,52,5,1700.72,2024-01-13
1546,224,5,59,4,151.46,2024-02-11
1547,153,5,17,3,199.66,2024-06-11
1548,105,13,27,1,370.1,2024-01-30
1549,37,13,9,1,94.3,2024-07-09
1550,92,7,20,2,129.9,2024-05-14
1551,161,6,55,3,219.87,2024-04-02
1552,80,15,56,1,115.9,2024-12-09
1553,37,13,1,5,1766.98,2024-02-05
1554,189,1,10,5,1338.53,2024-12-06
1555,20,6,69,5,347.39,2024-07-23
1556,81,14,12,5,128.14,2024-06-11
1557,56,9,58,3,348.47,2024-02-09
1558,187,5,56,4,414.76,2024-09-18
1559,196,11,66,4,258.7,2024-05-23
1560,119,12,53,4,1025.58,2024-07-15
1561,227,9,69,1,61.45,2024-12-30
1562,87,3,76,3,166.59,2024-11-24
1563,226,10,38,2,86.86,2024-04-02
1564,169,10,44,1,74.96,2024-09-03
1565,62,11,55,2,136.2,2024-02-04
1566,15,5,17,1,69.63,2024-07-11
1567,79,1,53,2,489.7,2024-10-29
1568,24,14,68,3,229.76,2024-08-21
1569,222,5,15,1,36.19,2024-11-06
1570,73,5,78,2,75.14,2024-04-25
1571,121,13,11,5,461.4,2024-12-15
1572,194,12,53,3,788.43,2024-09-11
1573,78,8,23,2,225.75,2024-02-09
1574,173,9,5,3,869.91,2024-04-10
1575,231,5,54,3,719.26,2024-02-10
1576,162,6,16,4,248.82,2024-06-16
1577,207,6,74,5,1055.31,2024-12-12
1578,235,13,58,4,530.47,2024-09-22
1579,228,14,15,4,148.85,2024-11-13
1580,39,3,13,5,196.18,2024-09-29
1581,24,13,2,1,72.85,2024-09-29
1582,222,2,29,2,929.91,2024-03-29
1583,235,5,79,5,585.02,2024-10-21
1584,191,8,7,5,1262.29,2024-02-22
1585,87,3,37,3,416.08,2024-02-14
1586,186,5,17,2,133.04,2024-11-24
1587,40,6,42,2,368.17,2024-01-31
1588,4,13,58,1,137.22,2024-02-21
1589,189,15,73,3,313.55,2024-06-09
1590,189,6,10,3,923.44,2024-06-04
1591,190,2,77,5,1144.31,2024-07-27
1592,154,10,35,1,124.4,2024-12-16
1593,235,2,14,1,144.45,2024-02-23
1594,168,15,49,5,335.66,2024-01-31
1595,216,15,68,2,176.01,2024-05-08
1596,32,3,35,4,518.04,2024-03-05
1597,190,3,46,4,333.28,2024-07-14
1598,159,14,51,2,320.51,2024-04-09
1599,70,11,3,1,256.75,2024-10-18
1600,36,4,46,4,288.58,2024-03-08
1601,161,9,7,2,475.83,2024-01-24
1602,170,11,9,5,391.81,2024-09-09
1603,33,12,17,5,345.77,2024-03-03
1604,13,3,36,1,44.71,2024-09-19
1605,165,15,35,5,620.9,2024-07-13
1606,74,1,6,2,207.8,2024-08-02
1607,158,13,34,4,321.39,2024-07-23
1608,156,12,6,5,506.78,2024-02-12
1609,129,11,75,5,460.66,2024-07-19
1610,67,12,14,4,497.87,2024-06-30
1611,207,7,57,5,641.45,2024-09-17
1612,168,15,38,1,44.36,2024-12-03
1613,107,1,18,5,298.07,2024-02-15
1614,223,2,70,1,232.21,2024-09-03
1615,151,14,60,1,131.74,2024-11-11
1616,55,1,7,3,711.92,2024-05-11
1617,134,14,46,2,150.74,2024-10-18
1618,79,5,79,1,110.05,2024-10-15
1619,13,12,30,3,1115.53,2024-10-14
1620,151,4,3,4,1077.02,2024-11-23
1621,210,1,8,2,456.52,2024-07-20
1622,3,8,33,5,286.28,2024-07-25
1623,161,14,55,3,193.82,2024-12-04
1624,36,3,73,2,213.33,2024-03-22
1625,232,9,58,1,120.36,2024-02-26
1626,56,9,45,2,150.97,2024-09-18
1627,88,9,10,4,1019.3,2024-07-28
1628,127,11,69,4,234.72,2024-10-09
1629,123,4,36,5,194.3,2024-10-21
1630,86,8,28,3,119.78,2024-02-11
1631,83,8,43,5,237.21,2024-09-14
1632,160,12,62,4,282.48,2024-02-14
1633,17,11,38,5,196.43,2024-03-21
1634,114,7,4,1,250.04,2024-11-12
1635,109,8,28,3,119.51,2024-07-01
1636,185,13,56,3,356.48,2024-11-09
1637,113,7,52,2,618.84,2024-01-05
1638,145,15,45,5,469.36,2024-02-01
1639,29,14,37,1,120.54,2024-06-16
1640,200,10,42,2,371.54,2024-05-23
1641,105,13,69,2,137.74,2024-07-29
1642,13,9,57,3,382.7,2024-12-21
1643,245,1,71,5,1307.75,2024-05-20
1644,204,1,10,5,1212.89,2024-06-19
1645,57,14,38,3,122.73,2024-09-26
1646,103,7,63,1,222.71,2024-06-16
1647,70,5,11,3,225.23,2024-03-19
1648,189,15,42,4,782.19,2024-03-11
1649,35,8,39,2,585.53,2024-12-22
1650,204,14,33,1,56.36,2024-03-19
1651,136,12,45,4,314.68,2024-11-16
1652,162,15,22,1,443.78,2024-07-01
1653,124,6,1,4,1374.52,2024-06-12
1654,36,9,6,4,412.2,2024-05-13
1655,242,4,51,4,682.11,2024-05-16
1656,192,5,56,5,502.85,2024-01-12
1657,124,14,11,5,392.79,2024-02-21
1658,150,10,50,1,79.56,2024-12-12
1659,71,12,20,5,325.9,2024-06-22
1660,173,4,9,5,399.85,2024-09-23
1661,138,13,71,3,875.82,2024-08-31
1662,113,5,41,4,288.58,2024-10-25
1663,34,15,44,5,372.82,2024-12-28
1664,164,4,29,4,1590.83,2024-12-02
1665,27,8,72,5,1930.93,2024-03-13
1666,1,12,35,5,564.96,2024-01-28
1667,104,8,31,3,303.15,2024-06-26
1668,93,4,53,1,264.54,2024-12-05
1669,29,1,43,3,139.99,2024-04-27
1670,142,13,3,3,949.42,2024-09-04
1671,99,3,68,3,270.61,2024-02-23
1672,88,4,71,4,980.08,2024-07-20
1673,85,9,48,4,1240.48,2024-12-06
1674,80,6,45,3,274.37,2024-12-11
1675,150,12,45,4,324.25,2024-06-03
1676,125,14,68,1,80.44,2024-07-25
1677,40,1,68,3,240.7,2024-03-01
1678,95,13,71,3,856.95,2024-06-02
1679,120,1,48,5,1675.6,2024-08-15
1680,184,11,54,5,1193.35,2024-12-21
1681,250,4,58,3,359.45,2024-10-19
1682,133,6,64,3,411.77,2024-07-25
1683,32,1,7,5,1273.29,2024-02-21
1684,20,1,69,1,60.96,2024-01-21
1685,37,13,59,5,224.79,2024-05-18
1686,178,10,36,5,223.15,2024-12-14
1687,52,2,63,5,1266.09,2024-05-01
1688,141,11,75,4,372.82,2024-12-12
1689,91,4,55,4,274.63,2024-07-07
1690,162,15,77,4,910.41,2024-01-30
1691,33,8,80,2,239.97,2024-02-13
1692,60,4,14,2,256.1,2024-02-08
1693,49,5,56,3,288.44,2024-11-21
1694,250,5,56,4,411.89,2024-04-25
1695,189,6,3,3,933.21,2024-01-12
1696,181,4,2,1,62.87,2024-12-10
1697,59,12,56,3,300.25,2024-03-19
1698,212,7,6,3,309.12,2024-12-08
1699,61,7,61,5,628.01,2024-12-28
1700,37,13,67,4,1446.68,2024-10-25
1701,49,2,26,2,789.55,2024-11-16
1702,43,11,6,4,407.95,2024-02-25
1703,200,10,35,3,387.99,2024-06-05
1704,195,7,58,3,356.48,2024-05-19
1705,235,7,7,2,487.12,2024-06-11
1706,74,5,15,5,179.28,2024-12-18
1707,171,9,44,1,64.51,2024-08-18
1708,131,4,44,2,126.95,2024-10-09
1709,166,14,13,5,170.52,2024-08-07
1710,78,9,69,3,186.55,2024-02-11
1711,98,5,22,1,388.38,2024-05-13
1712,134,11,8,3,658.45,2024-01-31
1713,111,15,73,2,214.13,2024-01-06
1714,1,4,48,3,954.75,2024-09-04
1715,188,1,52,4,1178.39,2024-10-05
1716,199,4,5,5,1429.44,2024-09-04
1717,168,7,3,4,1045.84,2024-02-18
1718,38,8,80,5,635.27,2024-07-21
1719,13,9,14,5,626.18,2024-10-21
1720,12,4,6,4,440.41,2024-12-01
1721,66,6,60,3,425.93,2024-11-09
1722,122,2,30,5,2189.99,2024-07-17
1723,204,13,5,5,1701.49,2024-09-06
1724,4,11,5,3,895.99,2024-02-28
1725,247,12,78,1,34.71,2024-02-05
1726,222,12,64,1,117.12,2024-10-05
1727,132,3,60,3,428.86,2024-06-19
1728,134,15,51,2,397.61,2024-06-23
1729,6,3,34,4,309.61,2024-01-13
1730,182,9,45,3,237.67,2024-03-13
1731,216,14,30,2,768.54,2024-07-07
1732,60,9,39,2,602.54,2024-11-14
1733,22,11,45,4,308.19,2024-06-16
1734,22,14,46,3,222.0,2024-04-21
1735,185,13,6,1,120.0,2024-02-15
1736,63,3,46,3,258.82,2024-11-21
1737,193,10,38,3,141.33,2024-11-04
1738,26,8,75,1,97.07,2024-12-24
1739,50,1,52,5,1475.42,2024-01-30
1740,48,15,51,1,190.08,2024-07-19
1741,139,5,72,5,1960.08,2024-05-02
1742,99,8,24,5,198.62,2024-07-25
1743,119,8,56,1,94.6,2024-05-23
1744,80,4,71,5,1286.3,2024-08-20
1745,163,11,30,1,379.27,2024-08-29
1746,121,13,9,5,471.27,2024-08-19
1747,128,6,34,3,221.72,2024-01-01
1748,139,5,62,1,68.06,2024-12-24
1749,113,14,28,1,39.55,2024-06-25
1750,6,7,38,2,79.35,2024-08-20
1751,150,10,47,5,547.35,2024-06-02
1752,68,13,2,4,290.29,2024-10-21
1753,101,8,74,3,549.83,2024-06-28
1754,88,7,57,5,660.58,2024-03-18
1755,166,3,68,3,266.98,2024-12-14
1756,195,1,1,5,1502.07,2024-12-16
1757,136,7,54,1,247.12,2024-07-13
1758,152,12,24,4,152.74,2024-09-22
1759,201,3,32,5,518.3,2024-08-14
1760,202,15,50,4,314.55,2024-11-30
1761,146,4,52,2,585.68,2024-09-11
1762,151,8,74,1,190.39,2024-02-13
1763,243,1,8,3,648.76,2024-10-10
1764,47,10,5,4,1337.26,2024-11-30
1765,124,15,37,2,276.26,2024-03-14
1766,158,4,8,3,659.32,2024-01-12
1767,18,13,49,5,366.85,2024-05-12
1768,59,12,1,4,1214.21,2024-12-01
1769,132,3,51,3,596.28,2024-11-02
1770,24,5,40,2,251.8,2024-01-25
1771,202,1,9,3,239.66,2024-10-11
1772,247,6,44,2,146.73,2024-10-23
1773,193,11,67,1,309.01,2024-07-04
1774,232,6,1,3,1009.51,2024-08-15
1775,195,7,17,3,204.75,2024-01-16
1776,143,8,55,5,327.93,2024-08-16
1777,102,9,6,1,103.54,2024-10-29
1778,45,3,62,1,80.72,2024-02-17
1779,232,10,51,4,806.17,2024-10-30
1780,76,13,54,5,1377.21,2024-09-04
1781,133,3,33,3,198.35,2024-06-07
1782,133,10,34,4,320.2,2024-10-22
1783,80,7,52,1,288.64,2024-04-03
1784,143,9,54,1,227.45,2024-02-10
1785,11,12,59,3,112.13,2024-02-10
1786,38,3,1,1,352.92,2024-09-07
1787,137,6,9,5,457.85,2024-03-11
1788,222,11,8,3,667.81,2024-03-08
1789,120,14,31,1,96.08,2024-07-26
1790,175,11,9,3,231.05,2024-01-27
1791,223,4,8,4,901.99,2024-06-23
1792,189,5,17,2,132.06,2024-07-09
1793,244,9,8,5,1091.71,2024-09-30
1794,165,12,12,1,27.66,2024-06-20
1795,153,8,25,4,1510.83,2024-05-17
1796,170,12,61,1,121.69,2024-08-23
1797,25,1,4,5,1206.77,2024-11-07
1798,250,14,35,1,110.36,2024-06-28
1799,22,2,80,2,283.87,2024-06-29
1800,218,3,60,1,152.65,2024-10-21
1801,218,11,54,5,1175.59,2024-03-23
1802,88,10,50,3,254.94,2024-02-09
1803,216,7,69,4,230.04,2024-11-03
1804,232,3,43,4,211.21,2024-02-26
1805,235,13,58,4,557.26,2024-10-25
1806,41,7,45,5,378.93,2024-10-06
1807,178,4,10,5,1333.79,2024-08-28
1808,116,12,76,4,207.19,2024-08-24
1809,44,8,34,3,194.3,2024-06-05
1810,162,4,39,5,1538.04,2024-09-22
1811,43,8,49,3,182.12,2024-06-21
1812,143,15,68,1,94.15,2024-11-10
1813,134,15,73,1,104.28,2024-03-05
1814,121,5,49,1,61.62,2024-01-26
1815,196,10,50,4,320.72,2024-07-31
1816,36,3,35,2,247.52,2024-10-31
1817,57,3,38,1,46.14,2024-02-13
1818,246,12,76,1,52.83,2024-12-13
1819,134,6,4,4,1082.52,2024-04-03
1820,80,7,34,4,279.62,2024-06-17
1821,147,7,2,1,61.18,2024-09-24
1822,33,5,29,2,830.43,2024-11-08
1823,189,9,10,2,492.96,2024-10-02
1824,63,11,42,5,832.11,2024-07-31
1825,247,15,11,3,259.12,2024-10-31
1826,203,1,52,2,607.36,2024-08-26
1827,200,12,40,1,120.35,2024-04-13
1828,6,3,32,4,395.78,2024-08-20
1829,18,7,40,3,364.95,2024-09-14
1830,64,8,42,3,491.34,2024-01-27
1831,236,12,76,2,97.67,2024-11-13
1832,154,8,22,4,1478.66,2024-07-05
1833,243,13,69,2,135.34,2024-04-28
1834,148,11,1,3,884.31,2024-04-18
1835,200,12,24,3,115.83,2024-08-28
1836,178,9,53,2,491.46,2024-09-18
1837,64,2,75,2,210.75,2024-05-07
1838,230,11,27,1,307.8,2024-04-27
1839,80,7,6,2,208.46,2024-08-31
1840,162,15,60,2,282.35,2024-04-27
1841,48,6,5,2,687.4,2024-06-16
1842,125,2,47,3,315.75,2024-09-12
1843,206,1,9,1,77.84,2024-03-18
1844,143,15,51,3,555.24,2024-10-30
1845,249,10,33,2,126.06,2024-09-18
1846,241,13,57,1,148.92,2024-05-07
1847,188,14,45,1,77.92,2024-04-24
1848,177,12,19,1,59.89,2024-08-28
1849,223,2,41,3,242.03,2024-03-03
1850,111,15,23,5,631.17,2024-03-08
1851,105,5,49,1,62.34,2024-03-09
1852,219,14,73,3,278.77,2024-08-09
1853,81,4,1,4,1193.05,2024-02-07
1854,80,6,69,5,350.56,2024-09-13
1855,201,13,53,1,284.27,2024-12-17
1856,178,4,4,5,1159.36,2024-10-30
1857,28,1,10,4,1044.6,2024-01-26
1858,56,12,59,5,190.41,2024-10-12
1859,72,2,70,1,220.26,2024-05-04
1860,134,9,57,4,524.23,2024-06-29
1861,145,2,77,1,250.2,2024-11-17
1862,170,1,43,4,192.21,2024-10-01
1863,216,13,2,1,69.28,2024-03-20
1864,125,12,11,5,370.26,2024-12-08
1865,75,14,37,4,488.45,2024-08-03
1866,5,5,18,1,65.48,2024-04-23
1867,197,1,53,5,1293.2,2024-10-26
1868,146,11,71,3,737.88,2024-05-25
1869,133,10,33,3,190.38,2024-05-14
1870,133,10,68,4,362.57,2024-02-05
1871,144,14,65,1,126.77,2024-06-04
1872,162,6,47,4,415.99,2024-06-04
1873,238,4,65,1,137.77,2024-12-01
1874,54,8,25,1,386.57,2024-03-09
1875,162,6,7,2,582.64,2024-12-26
1876,124,8,3,2,518.27,2024-09-10
1877,143,12,64,2,249.99,2024-02-25
1878,247,6,2,1,66.95,2024-12-06
1879,36,1,38,3,117.09,2024-12-02
1880,88,1,2,5,316.75,2024-01-19
1881,145,11,58,2,236.22,2024-09-10
1882,162,7,57,5,640.56,2024-06-07
1883,25,7,1,2,618.29,2024-05-24
1884,135,4,2,1,57.53,2024-02-10
1885,58,5,66,3,193.06,2024-04-25
1886,126,1,36,1,39.3,2024-10-17
1887,106,10,42,4,791.58,2024-03-19
1888,159,9,7,3,710.34,2024-11-06
1889,90,13,53,3,881.14,2024-01-29
1890,43,1,2,2,117.41,2024-05-26
1891,96,1,53,4,1043.93,2024-02-22
1892,208,3,32,3,290.83,2024-09-21
1893,162,14,68,1,77.93,2024-07-30
1894,111,7,58,1,121.41,2024-04-21
1895,176,10,42,4,782.34,2024-01-18
1896,239,10,33,3,185.62,2024-07-19
1897,178,10,37,3,425.29,2024-01-08
1898,61,3,20,3,219.53,2024-07-20
1899,186,4,53,2,502.25,2024-06-02
1900,48,6,15,5,204.76,2024-03-19
1901,174,7,67,1,330.05,2024-03-03
1902,172,10,31,4,429.86,2024-05-15
1903,239,8,12,5,134.36,2024-03-04
1904,27,14,79,2,230.79,2024-07-12
1905,174,11,10,4,1011.57,2024-10-09
1906,199,11,3,1,262.4,2024-02-10
1907,24,5,13,5,168.54,2024-10-14
1908,27,11,43,1,47.76,2024-04-28
1909,14,3,31,3,330.01,2024-01-20
1910,93,9,67,3,978.0,2024-07-16
1911,26,8,77,4,831.56,2024-02-05
1912,51,1,45,4,309.22,2024-08-30
1913,40,3,65,5,742.97,2024-01-28
1914,186,8,28,2,81.6,2024-08-18
1915,67,5,75,5,488.33,2024-09-25
1916,1,8,30,2,756.25,2024-12-28
1917,101,4,79,3,324.38,2024-11-18
1918,247,7,1,4,1142.75,2024-03-26
1919,195,7,45,2,165.19,2024-12-25
1920,143,11,54,4,931.01,2024-12-16
1921,10,14,73,5,442.9,2024-06-19
1922,105,5,22,3,1084.79,2024-01-20
1923,239,7,2,3,180.04,2024-09-23
1924,119,7,58,4,482.14,2024-11-21
1925,152,10,42,5,923.35,2024-01-07
1926,168,15,4,1,291.22,2024-08-21
1927,53,13,8,4,1014.4,2024-06-07
1928,62,10,5,4,1335.68,2024-02-26
1929,114,15,55,1,78.9,2024-05-22
1930,26,10,44,1,79.77,2024-07-01
1931,109,6,8,2,503.07,2024-12-04
1932,78,9,53,3,746.71,2024-03-23
1933,146,4,62,1,69.63,2024-04-29
1934,34,6,8,3,784.37,2024-10-26
1935,200,10,50,2,168.46,2024-02-27
1936,158,12,56,2,191.08,2024-08-20
1937,247,4,10,4,1040.69,2024-03-20
1938,130,5,15,2,76.91,2024-10-13
1939,90,14,49,3,191.13,2024-05-04
1940,160,14,65,4,531.91,2024-12-05
1941,33,2,31,3,338.91,2024-03-04
1942,235,15,57,1,146.62,2024-07-06
1943,78,6,8,3,772.38,2024-03-05
1944,32,2,39,1,336.62,2024-10-27
1945,157,9,45,3,234.79,2024-07-24
1946,210,4,69,4,228.41,2024-05-31
1947,161,11,47,4,354.19,2024-04-28
1948,67,10,61,1,141.38,2024-07-21
1949,245,7,20,3,186.82,2024-11-05
1950,219,14,43,1,47.41,2024-03-29
1951,14,7,3,1,274.46,2024-01-29
1952,109,2,23,5,620.44,2024-10-14
1953,202,5,66,5,304.7,2024-02-14
1954,60,14,73,5,431.0,2024-04-08
1955,219,9,48,5,1616.12,2024-12-14
1956,244,11,72,4,1593.18,2024-04-10
1957,239,11,2,3,184.1,2024-09-27
1958,194,2,32,4,418.21,2024-07-04
1959,48,6,17,1,81.99,2024-09-28
1960,35,9,3,4,1048.84,2024-02-11
1961,187,9,37,1,125.51,2024-02-02
1962,162,11,29,1,382.59,2024-07-30
1963,196,5,76,4,205.14,2024-08-04
1964,49,9,71,5,1260.32,2024-07-30
1965,119,14,31,2,188.1,2024-10-22
1966,18,11,30,2,783.86,2024-03-12
1967,39,13,52,4,1420.07,2024-03-30
1968,228,7,60,5,626.98,2024-11-15
1969,47,10,41,2,167.98,2024-07-31
1970,158,13,36,2,93.71,2024-11-18
1971,197,7,70,4,775.53,2024-02-29
1972,73,2,72,3,1311.63,2024-12-28
1973,7,9,54,4,916.07,2024-06-19
1974,40,6,50,2,169.46,2024-09-28
1975,238,8,22,3,1123.97,2024-12-18
1976,236,3,51,2,385.51,2024-02-29
1977,46,7,51,4,687.72,2024-04-20
1978,159,3,73,1,99.49,2024-06-12
1979,247,6,8,4,1082.31,2024-10-19
1980,155,4,63,5,1048.14,2024-06-26
1981,52,2,74,3,657.64,2024-02-07
1982,72,2,59,1,42.46,2024-09-27
1983,38,7,51,4,697.0,2024-02-23
1984,250,2,26,2,800.47,2024-01-08
1985,11,9,8,1,230.18,2024-09-17
1986,38,12,16,3,169.44,2024-10-13
1987,45,3,22,1,407.86,2024-08-29
1988,184,11,7,1,238.55,2024-08-13
1989,184,4,45,3,238.39,2024-03-17
1990,16,3,60,1,148.5,2024-03-11
1991,121,9,3,4,1099.44,2024-03-23
1992,157,8,27,4,1249.7,2024-03-21
1993,71,10,33,1,61.09,2024-07-05
1994,78,15,69,3,211.38,2024-03-06
1995,225,7,2,1,58.62,2024-01-06
1996,35,8,39,1,285.62,2024-11-30
1997,60,9,7,3,753.48,2024-11-23
1998,51,5,43,2,94.38,2024-08-10
1999,244,13,69,1,71.57,2024-12-29
2000,57,7,52,5,1465.58,2024-10-12
2001,187,8,2,2,117.19,2024-01-01
2002,96,5,19,1,61.82,2024-07-18
2003,88,2,21,1,168.06,2024-05-27
2004,202,5,71,1,239.79,2024-12-01
2005,113,2,72,2,919.53,2024-10-27
2006,14,3,46,1,87.49,2024-07-27
2007,226,10,37,1,142.15,2024-03-24
2008,85,12,79,2,229.95,2024-03-09
2009,204,11,7,3,740.19,2024-10-07
2010,117,4,39,2,582.85,2024-05-18
2011,15,12,40,4,529.45,2024-03-30
2012,124,6,2,1,66.56,2024-06-17
2013,180,13,52,2,679.45,2024-12-26
2014,142,9,48,1,310.34,2024-08-15
2015,137,5,18,1,61.06,2024-07-02
2016,229,13,1,5,1721.07,2024-10-05
2017,18,7,40,2,244.12,2024-04-22
2018,85,6,38,3,138.42,2024-04-02
2019,84,1,46,5,371.11,2024-06-13
2020,127,8,23,1,110.3,2024-08-17
2021,58,10,44,3,228.38,2024-03-14
2022,224,8,24,1,41.89,2024-01-01
2023,146,9,46,5,377.24,2024-01-20
2024,225,13,6,2,235.4,2024-04-15
2025,98,4,77,4,792.93,2024-09-20
2026,70,4,3,2,549.17,2024-11-21
2027,151,10,30,1,438.22,2024-09-10
2028,100,5,15,2,76.44,2024-10-19
2029,123,10,35,4,481.95,2024-06-17
2030,101,12,29,2,794.13,2024-09-05
2031,139,12,46,2,150.04,2024-11-25
2032,221,9,51,5,853.53,2024-10-06
2033,199,13,67,4,1441.84,2024-05-04
2034,183,1,73,1,90.72,2024-08-28
2035,128,4,69,5,314.46,2024-11-30
2036,77,14,41,4,285.88,2024-11-24
2037,65,11,40,3,363.62,2024-01-23
2038,104,8,26,4,1381.72,2024-11-23
2039,73,13,39,4,1405.96,2024-10-17
2040,12,2,34,2,151.26,2024-11-29
2041,161,15,73,1,102.44,2024-11-06
2042,201,12,49,3,182.66,2024-06-09
2043,130,8,64,3,359.65,2024-10-09
2044,242,2,27,3,1116.36,2024-09-07
2045,245,14,8,4,912.56,2024-02-20
2046,214,13,48,1,381.09,2024-12-17
2047,221,11,1,1,299.95,2024-09-30
2048,100,4,5,2,561.59,2024-12-30
2049,83,9,8,2,445.34,2024-10-27
2050,178,10,32,2,196.35,2024-03-11
2051,206,15,37,2,288.03,2024-06-09
2052,172,12,16,3,163.45,2024-03-20
2053,153,5,25,2,791.97,2024-05-05
2054,124,5,20,4,261.01,2024-06-17
2055,134,15,41,3,238.36,2024-08-19
2056,234,1,5,1,286.99,2024-08-28
2057,19,5,20,3,198.51,2024-07-03
2058,169,10,15,2,82.56,2024-10-15
2059,238,4,12,2,53.26,2024-01-08
2060,108,14,60,4,493.54,2024-03-19
2061,233,3,31,1,110.6,2024-05-31
2062,108,5,41,2,142.76,2024-05-11
2063,161,6,2,2,145.37,2024-04-18
2064,86,12,59,4,151.77,2024-10-02
2065,80,10,28,2,91.92,2024-09-06
2066,220,7,74,5,895.02,2024-12-13
2067,106,14,68,2,161.52,2024-05-05
2068,145,7,5,4,1203.39,2024-10-15
2069,48,1,24,2,76.32,2024-08-15
2070,174,6,4,4,1148.34,2024-01-20
2071,165,7,60,1,133.85,2024-02-04
2072,111,6,7,5,1467.64,2024-05-09
2073,157,5,49,5,303.51,2024-03-24
2074,111,15,71,2,585.2,2024-12-17
2075,60,14,33,5,269.49,2024-07-12
2076,90,13,43,2,102.61,2024-02-13
2077,126,3,32,5,485.91,2024-03-15
2078,60,9,57,3,372.92,2024-01-28
2079,161,6,58,5,700.78,2024-03-26
2080,80,15,37,2,279.36,2024-12-04
2081,213,9,4,1,254.68,2024-03-26
2082,250,7,2,3,176.74,2024-12-26
2083,94,7,43,2,95.93,2024-05-18
2084,105,8,72,1,405.03,2024-05-15
2085,40,8,33,3,162.02,2024-08-24
2086,116,4,9,4,318.39,2024-10-01
2087,4,5,79,5,550.98,2024-06-11
2088,120,8,22,4,1425.65,2024-11-10
2089,129,9,20,5,310.86,2024-07-23
2090,16,9,18,5,322.29,2024-03-16
2091,48,15,49,3,201.95,2024-01-14
2092,88,1,54,1,242.41,2024-08-05
2093,86,1,48,5,1598.69,2024-04-13
2094,171,2,75,5,557.11,2024-11-21
2095,242,2,24,2,94.19,2024-05-14
2096,99,3,50,3,236.96,2024-07-23
2097,58,13,72,3,1384.87,2024-09-24
2098,1,8,16,4,204.54,2024-09-20
2099,192,13,4,3,810.73,2024-09-02
2100,167,8,22,4,1535.79,2024-01-30
2101,58,5,62,5,333.11,2024-08-14
2102,226,10,44,4,292.75,2024-01-28
2103,24,6,67,1,347.9,2024-08-28
2104,209,1,58,3,335.32,2024-03-31
2105,96,1,45,3,238.88,2024-03-24
2106,196,11,30,5,1809.68,2024-02-11
2107,173,1,54,3,745.78,2024-11-04
2108,69,8,43,2,97.13,2024-08-04
2109,202,6,33,2,126.39,2024-07-15
2110,174,11,34,2,127.73,2024-02-12
2111,73,7,7,4,966.05,2024-12-14
2112,94,14,37,2,250.46,2024-11-09
2113,209,13,51,5,993.11,2024-12-17
2114,178,10,51,1,199.9,2024-06-12
2115,48,6,59,3,132.36,2024-01-24
2116,158,13,51,5,967.75,2024-05-20
2117,151,5,66,1,61.76,2024-06-21
2118,103,9,2,3,180.1,2024-05-15
2119,189,6,9,3,282.04,2024-06-11
2120,189,3,34,1,73.71,2024-01-30
2121,162,15,10,5,1430.81,2024-12-12
2122,230,7,58,3,355.32,2024-03-25
2123,174,2,27,1,377.3,2024-08-20
2124,178,12,19,5,281.45,2024-01-21
2125,189,15,50,5,431.38,2024-09-10
2126,239,11,43,3,137.66,2024-03-24
2127,148,14,65,5,685.45,2024-11-08
2128,219,3,37,4,605.74,2024-05-10
2129,67,10,51,1,189.4,2024-10-25
2130,240,4,4,4,993.49,2024-05-09
2131,122,11,24,1,38.96,2024-02-10
2132,47,8,80,1,126.6,2024-06-25
2133,100,13,52,5,1776.45,2024-09-22
2134,159,11,58,5,584.26,2024-08-28
2135,161,6,53,3,910.24,2024-04-30
2136,2,5,66,2,130.02,2024-10-24
2137,55,12,11,3,241.81,2024-08-10
2138,87,3,9,5,444.59,2024-07-11
2139,34,15,42,5,944.29,2024-05-30
2140,155,8,63,4,821.68,2024-02-05
2141,168,6,5,2,690.48,2024-02-01
2142,201,13,9,5,436.42,2024-06-10
2143,27,4,5,2,576.2,2024-06-02
2144,64,4,53,2,519.71,2024-11-29
2145,193,12,9,5,394.77,2024-11-28
2146,132,3,46,4,333.88,2024-02-02
2147,34,13,27,5,1864.51,2024-09-08
2148,217,9,54,5,1225.51,2024-01-25
2149,48,15,44,3,231.92,2024-09-18
2150,168,6,52,3,1044.3,2024-05-31
2151,12,2,80,5,683.28,2024-03-12
2152,235,2,70,4,885.21,2024-01-22
2153,214,15,35,4,506.25,2024-12-31
2154,69,10,68,2,191.2,2024-09-29
2155,115,5,43,2,89.41,2024-02-10
2156,57,11,22,5,1866.46,2024-08-23
2157,194,2,27,2,761.85,2024-04-16
2158,111,14,67,4,1327.79,2024-03-05
2159,216,13,5,4,1391.21,2024-12-25
2160,200,11,54,2,479.25,2024-07-12
2161,185,1,1,5,1575.09,2024-09-04
2162,144,8,29,4,1659.45,2024-01-04
2163,47,7,30,2,730.63,2024-11-20
2164,194,6,48,4,1430.77,2024-08-05
2165,190,3,60,4,599.54,2024-01-19
2166,66,1,43,5,230.84,2024-10-26
2167,56,8,25,4,1470.77,2024-11-21
2168,212,11,58,3,363.04,2024-08-17
2169,80,15,33,1,65.87,2024-03-19
2170,143,6,67,5,1862.5,2024-12-24
2171,58,11,58,4,476.24,2024-05-30
2172,199,2,69,1,68.04,2024-10-25
2173,164,7,37,4,521.58,2024-08-23
2174,136,4,43,4,189.4,2024-06-01
2175,132,5,34,4,267.31,2024-04-26
2176,48,4,80,1,128.52,2024-03-24
2177,140,5,46,5,373.3,2024-12-19
2178,8,8,72,2,777.52,2024-11-10
2179,241,5,64,3,379.31,2024-08-03
2180,9,5,11,5,388.85,2024-04-15
2181,22,1,2,2,125.08,2024-05-05
2182,226,10,68,4,349.51,2024-07-11
2183,45,3,73,5,491.2,2024-10-07
2184,10,13,1,1,340.59,2024-04-21
2185,118,4,7,3,732.82,2024-01-11
2186,132,3,68,4,348.77,2024-06-12
2187,189,15,48,4,1497.46,2024-10-24
2188,230,11,54,3,721.69,2024-11-09
2189,120,10,46,3,268.72,2024-05-02
2190,162,12,64,1,120.2,2024-06-02
2191,94,9,37,1,126.49,2024-11-15
2192,177,6,45,2,187.58,2024-02-01
2193,229,8,68,5,382.79,2024-02-08
2194,167,7,3,5,1367.18,2024-04-04
2195,153,2,30,3,1245.24,2024-04-14
2196,203,1,18,4,253.67,2024-11-14
2197,124,15,73,2,201.56,2024-01-30
2198,211,4,31,2,199.34,2024-02-16
2199,152,13,37,1,148.04,2024-03-29
2200,238,10,44,1,76.95,2024-02-16
2201,23,3,5,3,1020.8,2024-12-03
2202,166,3,32,1,98.76,2024-09-01
2203,23,10,38,2,89.8,2024-07-27
2204,23,1,69,1,62.74,2024-02-28
2205,205,4,8,3,694.46,2024-12-29
2206,124,6,69,4,281.34,2024-08-24
2207,140,7,6,4,414.62,2024-03-06
2208,39,2,26,5,1976.1,2024-12-22
2209,53,12,18,1,60.05,2024-10-30
2210,79,14,36,5,198.26,2024-11-04
2211,143,1,57,1,129.4,2024-12-12
2212,78,7,21,2,275.95,2024-10-20
2213,22,2,23,2,241.51,2024-07-19
2214,187,9,27,1,316.11,2024-03-18
2215,195,4,71,4,998.07,2024-06-02
2216,48,15,11,1,91.77,2024-04-21
2217,141,12,12,5,128.31,2024-09-16
2218,75,13,1,1,336.21,2024-04-15
2219,138,13,9,5,451.88,2024-01-15
2220,20,8,77,4,851.75,2024-06-25
2221,212,1,59,3,116.83,2024-03-19
2222,202,6,3,4,1273.55,2024-04-16
2223,63,2,65,1,145.92,2024-12-09
2224,197,12,79,4,472.53,2024-01-16
2225,195,4,79,4,467.26,2024-04-15
2226,109,1,53,1,239.82,2024-10-31
2227,196,10,51,4,787.91,2024-05-05
2228,184,14,38,2,80.99,2024-01-31
2229,127,1,43,5,241.67,2024-01-14
2230,26,10,32,5,500.8,2024-05-07
2231,39,3,52,3,1062.81,2024-09-08
2232,74,5,70,5,973.74,2024-11-15
2233,134,15,31,5,560.17,2024-03-13
2234,218,9,70,2,394.68,2024-10-08
2235,162,6,4,2,565.62,2024-02-28
2236,189,15,28,3,136.16,2024-03-25
2237,110,13,58,2,271.1,2024-09-07
2238,102,4,25,2,790.78,2024-09-29
2239,9,1,8,4,876.89,2024-07-05
2240,80,9,9,5,395.44,2024-09-02
2241,69,12,18,4,257.08,2024-03-07
2242,103,1,53,3,744.53,2024-03-27
2243,127,10,42,3,579.72,2024-01-03
2244,27,9,9,3,246.07,2024-07-08
2245,46,8,30,2,763.33,2024-02-05
2246,154,2,30,4,1792.55,2024-04-11
2247,48,15,36,4,186.45,2024-01-12
2248,181,13,35,4,525.42,2024-05-12
2249,159,3,49,5,358.74,2024-04-28
2250,116,8,29,1,384.29,2024-12-12
2251,162,5,36,3,122.77,2024-06-30
2252,106,11,4,1,236.46,2024-01-04
2253,23,14,55,2,126.23,2024-03-17
2254,248,4,67,4,1318.54,2024-12-17
2255,190,3,57,2,292.07,2024-09-28
2256,137,4,2,5,296.56,2024-12-13
2257,116,11,67,2,618.19,2024-11-05
2258,204,10,47,1,107.6,2024-02-05
2259,106,4,34,1,65.1,2024-09-27
2260,65,11,7,4,1017.48,2024-01-18
2261,177,1,54,5,1174.43,2024-12-04
2262,226,10,36,5,237.75,2024-05-10
2263,157,5,55,5,321.37,2024-03-11
2264,22,14,61,3,373.16,2024-03-07
2265,88,8,21,1,137.91,2024-02-04
2266,115,11,10,4,1029.0,2024-05-25
2267,193,12,16,2,105.63,2024-03-01
2268,105,14,71,2,515.73,2024-08-04
2269,233,5,78,4,147.43,2024-12-17
2270,219,11,3,4,1027.19,2024-10-11
2271,112,2,44,4,302.58,2024-02-08
2272,190,12,19,5,290.13,2024-05-24
2273,112,2,28,3,138.8,2024-03-17
2274,209,13,26,2,823.18,2024-12-11
2275,208,9,45,4,321.45,2024-10-20
2276,32,9,7,2,489.09,2024-06-15
2277,71,7,61,1,124.18,2024-06-23
2278,144,9,3,5,1399.06,2024-08-27
2279,173,1,77,3,595.46,2024-01-02
2280,187,8,24,4,153.56,2024-06-02
2281,137,15,33,1,67.39,2024-09-15
2282,16,4,59,3,117.39,2024-03-29
2283,197,12,59,2,79.47,2024-12-09
2284,235,9,71,3,784.6,2024-04-04
2285,128,4,62,3,203.65,2024-09-10
2286,2,8,80,5,637.84,2024-11-19
2287,36,3,34,2,147.35,2024-11-28
2288,198,12,11,5,403.26,2024-03-25
2289,124,7,67,1,320.37,2024-12-06
2290,106,7,19,5,293.94,2024-04-14
2291,56,9,47,4,356.36,2024-06-06
2292,195,7,68,2,165.97,2024-01-01
2293,4,14,65,1,136.66,2024-10-30
2294,6,14,38,4,159.28,2024-02-01
2295,162,9,52,4,1215.86,2024-10-23
2296,43,4,2,5,315.85,2024-09-20
2297,70,4,69,2,122.09,2024-12-20
2298,126,7,70,4,803.26,2024-12-16
2299,99,3,65,3,464.24,2024-05-17
2300,180,13,52,4,1349.65,2024-12-12
2301,23,5,66,2,127.23,2024-08-16
2302,169,10,31,1,108.68,2024-06-19
2303,90,13,52,2,674.96,2024-04-25
2304,56,1,48,3,942.93,2024-07-09
2305,58,8,22,4,1524.86,2024-05-12
2306,188,13,43,1,53.5,2024-06-24
2307,61,3,65,3,439.09,2024-06-24
2308,143,12,76,5,256.07,2024-01-13
2309,185,1,27,4,1300.2,2024-07-27
2310,50,10,55,2,146.14,2024-05-12
2311,99,3,21,5,802.75,2024-03-12
2312,219,15,64,2,269.32,2024-10-23
2313,27,4,8,4,928.05,2024-12-23
2314,227,12,62,5,331.06,2024-12-01
2315,65,4,5,2,593.2,2024-01-06
2316,51,5,17,1,70.33,2024-10-02
2317,54,15,50,4,334.12,2024-02-12
2318,136,3,2,3,207.54,2024-08-13
2319,153,2,15,4,179.58,2024-10-19
2320,99,11,71,4,978.76,2024-12-27
2321,80,6,54,5,1413.9,2024-08-25
2322,133,10,46,2,175.99,2024-11-18
2323,116,14,55,5,327.91,2024-11-11
2324,68,4,17,5,364.13,2024-04-19
2325,206,11,8,5,1118.75,2024-11-06
2326,234,8,67,2,644.74,2024-02-11
2327,96,12,16,1,54.33,2024-07-10
2328,201,13,47,1,109.07,2024-01-16
2329,118,3,68,4,369.44,2024-01-19
2330,166,7,10,4,1012.42,2024-02-17
2331,77,14,74,5,929.36,2024-03-13
2332,150,9,69,1,62.35,2024-01-01
2333,136,4,10,2,528.62,2024-07-14
2334,87,3,51,2,402.51,2024-08-14
2335,53,5,49,2,122.88,2024-05-11
2336,196,10,37,5,727.61,2024-06-13
2337,201,13,71,3,835.78,2024-08-28
2338,132,1,2,1,58.25,2024-02-16
2339,170,1,53,2,498.12,2024-07-11
2340,175,4,22,3,1141.67,2024-12-02
2341,100,13,7,3,886.52,2024-08-19
2342,145,5,13,4,142.75,2024-01-03
2343,68,13,1,3,1040.7,2024-08-08
2344,185,7,3,4,1048.26,2024-03-19
2345,80,7,53,5,1309.12,2024-11-17
2346,51,12,66,3,192.98,2024-11-18
2347,24,5,49,1,62.6,2024-11-11
2348,6,11,54,1,248.93,2024-05-29
2349,182,15,47,5,514.64,2024-05-26
2350,209,6,9,4,363.97,2024-10-21
2351,77,14,65,2,269.53,2024-04-29
2352,113,9,8,3,649.27,2024-10-20
2353,169,1,52,3,926.75,2024-02-14
2354,49,9,10,4,1014.97,2024-10-30
2355,237,9,65,2,277.15,2024-05-20
2356,209,4,2,5,311.49,2024-09-17
2357,40,6,43,1,51.98,2024-01-24
2358,221,9,67,4,1239.14,2024-11-07
2359,43,11,8,3,692.67,2024-04-28
2360,168,6,6,1,118.56,2024-02-22
2361,92,11,8,5,1118.19,2024-01-03
2362,140,9,43,3,139.39,2024-05-28
2363,110,7,10,5,1314.64,2024-04-18
2364,104,8,29,4,1573.91,2024-10-25
2365,33,2,26,2,792.87,2024-06-22
2366,194,1,67,4,1292.14,2024-06-28
2367,202,9,57,1,130.17,2024-11-23
2368,11,1,39,1,290.36,2024-11-04
2369,56,4,5,5,1435.64,2024-12-04
2370,1,7,8,5,1102.68,2024-01-01
2371,43,13,54,2,565.47,2024-01-06
2372,227,2,26,3,1275.25,2024-08-26
2373,24,2,72,1,453.76,2024-11-30
2374,152,13,75,1,104.43,2024-07-24
2375,201,11,5,3,854.44,2024-10-21
2376,73,2,74,4,863.94,2024-02-11
2377,111,9,64,1,120.68,2024-10-01
2378,165,1,5,5,1498.57,2024-12-28
2379,243,3,72,3,1310.66,2024-12-25
2380,33,2,28,2,93.43,2024-02-08
2381,185,13,5,1,335.08,2024-05-15
2382,171,1,7,4,1023.38,2024-02-07
2383,127,15,73,3,304.96,2024-08-17
2384,139,5,47,1,89.14,2024-04-02
2385,80,15,30,1,451.46,2024-10-30
2386,95,14,55,3,195.98,2024-02-17
2387,165,3,33,5,307.49,2024-03-03
2388,187,11,71,2,518.3,2024-11-10
2389,156,14,26,1,347.1,2024-07-01
2390,131,10,75,2,206.06,2024-03-18
2391,30,4,44,5,329.74,2024-12-02
2392,130,12,14,1,131.46,2024-12-26
2393,163,7,48,5,1524.16,2024-05-27
2394,111,6,5,1,344.4,2024-08-04
2395,133,1,9,1,83.16,2024-10-12
2396,142,13,53,1,300.8,2024-12-25
2397,223,2,33,1,66.14,2024-10-09
2398,61,14,46,3,219.83,2024-06-29
2399,210,1,67,3,981.45,2024-09-13
2400,106,1,59,3,112.15,2024-08-09
2401,204,10,70,3,673.18,2024-01-21
2402,67,8,29,1,388.52,2024-12-06
2403,69,10,59,4,181.88,2024-04-01
2404,173,6,69,3,206.09,2024-07-18
2405,196,10,25,1,417.41,2024-05-26
2406,36,8,70,1,193.15,2024-05-30
2407,183,11,57,3,388.35,2024-01-08
2408,247,3,17,5,411.35,2024-07-17
2409,154,2,80,4,561.28,2024-04-07
2410,153,5,19,4,245.71,2024-10-31
2411,189,15,32,1,99.91,2024-07-12
2412,191,3,44,1,73.76,2024-07-05
2413,240,14,35,2,209.14,2024-03-16
2414,111,6,44,2,150.32,2024-07-18
2415,9,14,46,5,387.25,2024-06-07
2416,26,10,34,3,241.07,2024-01-29
2417,3,6,30,3,1251.72,2024-02-14
2418,185,4,9,3,248.92,2024-01-09
2419,134,6,5,2,642.64,2024-12-30
2420,33,2,75,3,336.8,2024-04-25
2421,28,12,36,1,38.68,2024-01-16
2422,238,13,66,2,142.85,2024-04-10
2423,216,11,62,5,346.24,2024-03-18
2424,224,12,15,1,38.96,2024-08-06
2425,134,15,65,5,794.04,2024-12-14
2426,48,15,31,1,115.52,2024-10-17
2427,39,7,21,4,564.92,2024-08-25
2428,198,9,56,2,202.53,2024-07-04
2429,122,9,10,3,793.72,2024-08-01
2430,197,4,65,5,691.13,2024-03-14
2431,192,4,64,2,237.3,2024-05-31
2432,48,12,40,2,247.87,2024-02-04
2433,111,15,46,1,90.34,2024-05-08
2434,111,6,54,2,522.45,2024-05-14
2435,102,8,70,4,791.12,2024-09-29
2436,136,3,68,4,349.07,2024-12-06
2437,136,3,33,2,131.15,2024-07-18
2438,93,9,14,3,390.42,2024-12-29
2439,14,3,5,4,1377.45,2024-12-30
2440,66,15,34,2,146.08,2024-03-03
2441,207,1,9,3,235.47,2024-10-29
2442,98,13,46,4,338.15,2024-04-14
2443,18,4,69,4,230.36,2024-03-03
2444,218,11,8,2,466.84,2024-10-24
2445,189,15,60,1,141.73,2024-01-24
2446,53,12,39,2,579.58,2024-11-03
2447,234,10,46,5,440.14,2024-11-16
2448,242,2,75,5,533.69,2024-12-29
2449,34,15,35,4,507.14,2024-04-21
2450,112,8,29,5,1907.41,2024-05-27
2451,244,10,28,1,43.76,2024-04-05
2452,223,4,34,5,318.81,2024-08-12
2453,75,1,4,3,745.9,2024-09-25
2454,205,4,53,3,753.2,2024-09-11
2455,2,5,18,4,247.52,2024-06-29
2456,4,7,53,4,1054.94,2024-03-12
2457,141,3,16,2,127.34,2024-11-26
2458,33,9,7,5,1222.81,2024-10-02
2459,61,3,18,4,281.09,2024-04-20
2460,8,10,47,5,562.36,2024-08-08
2461,238,10,51,4,785.88,2024-07-22
2462,228,1,45,2,151.8,2024-04-13
2463,168,5,27,3,955.86,2024-05-21
2464,144,10,68,3,286.47,2024-08-09
2465,137,6,1,4,1415.31,2024-08-27
2466,175,9,1,3,905.89,2024-04-25
2467,241,13,52,3,1031.08,2024-07-04
2468,210,12,76,3,153.33,2024-05-12
2469,45,3,37,1,140.4,2024-07-28
2470,233,4,44,5,331.94,2024-09-07
2471,119,7,54,4,954.58,2024-10-17
2472,93,4,55,1,63.48,2024-06-07
2473,28,2,28,5,215.7,2024-10-07
2474,140,11,23,4,445.78,2024-03-07
2475,52,4,2,4,249.92,2024-02-28
2476,9,6,3,2,627.7,2024-06-20
2477,135,5,40,3,366.38,2024-04-11
2478,249,7,69,2,123.12,2024-05-13
2479,26,10,68,4,349.74,2024-07-15
2480,211,13,53,5,1379.68,2024-11-17
2481,58,13,54,2,551.2,2024-01-14
2482,117,7,74,4,745.98,2024-04-28
2483,116,7,2,5,307.15,2024-03-01
2484,206,1,7,4,955.15,2024-06-05
2485,173,4,45,5,407.35,2024-10-17
2486,47,10,47,5,561.61,2024-02-23
2487,217,11,47,3,291.08,2024-08-15
2488,238,10,60,1,142.12,2024-12-14
2489,78,6,60,4,573.61,2024-04-03
2490,215,12,1,5,1489.54,2024-06-23
2491,131,7,58,5,581.86,2024-02-02
2492,238,1,44,5,331.2,2024-06-26
2493,97,9,62,5,330.43,2024-04-18
2494,235,12,49,3,178.38,2024-09-11
2495,44,1,5,4,1146.15,2024-09-09
2496,109,11,45,5,391.35,2024-05-15
2497,86,12,76,4,200.63,2024-05-12
2498,150,14,57,1,126.45,2024-11-17
2499,144,13,33,3,195.39,2024-11-22
2500,99,3,65,2,307.28,2024-01-03
2501,186,9,57,5,635.43,2024-04-26
2502,160,11,1,2,596.83,2024-06-27
2503,142,5,5,4,1161.13,2024-07-10
2504,137,4,58,3,366.88,2024-10-24
2505,48,4,16,2,106.64,2024-07-13
2506,250,5,6,3,329.23,2024-01-15
2507,57,8,22,3,1069.35,2024-01-01
2508,226,12,16,3,166.92,2024-06-09
2509,52,2,77,2,494.5,2024-08-19
2510,149,11,7,3,771.36,2024-08-27
2511,166,5,79,4,467.45,2024-01-20
2512,56,4,18,4,242.8,2024-10-19
2513,27,10,35,1,128.06,2024-10-21
2514,210,5,7,1,234.84,2024-11-17
2515,112,8,80,1,125.05,2024-11-01
2516,143,6,34,5,398.92,2024-08-31
2517,62,10,38,1,45.37,2024-05-14
2518,56,5,58,3,343.82,2024-08-30
2519,152,9,43,1,48.93,2024-06-25
2520,194,11,24,4,152.16,2024-08-27
2521,186,1,57,4,505.04,2024-08-28
2522,124,1,58,1,122.49,2024-11-03
2523,236,3,34,2,154.78,2024-03-06
2524,126,4,45,5,401.27,2024-09-23
2525,246,5,27,2,635.79,2024-09-13
2526,3,8,77,1,207.12,2024-02-03
2527,192,13,47,1,111.27,2024-08-06
2528,11,5,56,5,482.73,2024-10-02
2529,166,11,57,3,385.64,2024-04-10
2530,142,13,45,4,353.46,2024-06-17
2531,73,11,1,3,934.58,2024-11-13
2532,159,3,31,2,215.65,2024-08-19
2533,223,9,32,4,361.82,2024-05-11
2534,190,4,55,4,267.95,2024-06-15
2535,160,12,19,3,186.37,2024-01-22
2536,144,9,41,5,340.92,2024-04-12
2537,9,3,50,4,313.37,2024-12-31
2538,88,14,32,1,89.93,2024-03-22
2539,214,4,5,2,585.32,2024-11-02
2540,160,11,7,2,469.69,2024-11-03
2541,229,14,38,3,123.39,2024-07-23
2542,34,6,4,4,1128.67,2024-10-30
2543,71,2,8,2,526.29,2024-04-16
2544,78,15,50,2,158.14,2024-06-16
2545,6,1,7,1,250.7,2024-09-29
2546,218,3,67,2,750.92,2024-01-29
2547,136,5,5,5,1409.8,2024-01-29
2548,77,15,60,2,307.77,2024-07-02
2549,194,8,77,4,861.29,2024-10-27
2550,90,13,43,3,157.34,2024-02-23
2551,138,6,5,2,683.62,2024-03-11
2552,239,7,5,5,1426.81,2024-02-20
2553,88,9,45,3,240.81,2024-12-17
2554,199,7,57,1,126.29,2024-06-22
2555,11,10,16,5,307.09,2024-11-13
2556,68,6,59,4,167.82,2024-06-22
2557,212,1,38,5,199.78,2024-10-26
2558,30,12,42,1,167.98,2024-03-10
2559,66,11,10,1,248.51,2024-06-19
2560,114,1,53,5,1314.63,2024-06-26
2561,105,13,43,5,269.62,2024-02-01
2562,194,9,20,4,252.04,2024-06-17
2563,115,5,58,4,489.59,2024-05-19
2564,111,6,4,2,543.07,2024-08-17
2565,189,3,38,4,184.56,2024-11-11
2566,5,1,10,3,795.7,2024-11-03
2567,141,5,73,4,356.32,2024-05-15
2568,78,15,35,2,255.34,2024-06-23
2569,220,13,43,3,162.99,2024-06-24
2570,111,15,56,4,446.79,2024-01-11
2571,78,7,5,2,578.59,2024-12-13
2572,102,8,23,3,335.32,2024-02-27
2573,161,12,14,4,527.11,2024-11-22
2574,13,14,44,3,195.97,2024-05-03
2575,185,13,44,3,238.82,2024-04-05
2576,250,2,28,2,89.45,2024-12-02
2577,180,8,54,4,956.58,2024-10-13
2578,201,14,1,3,944.56,2024-10-24
2579,174,2,7,3,825.49,2024-08-30
2580,141,2,72,3,1413.76,2024-02-17
2581,184,11,67,2,615.94,2024-10-11
2582,228,7,69,2,124.46,2024-12-08
2583,108,11,67,5,1660.24,2024-10-06
2584,34,6,5,3,986.18,2024-10-09
2585,153,4,4,3,753.87,2024-03-29
2586,42,1,2,1,61.04,2024-04-07
2587,174,11,28,5,195.64,2024-09-12
2588,8,10,31,5,563.96,2024-08-17
2589,44,9,9,5,399.49,2024-04-18
2590,77,9,53,5,1209.9,2024-07-30
2591,192,13,9,2,187.55,2024-10-05
2592,77,4,3,2,528.78,2024-07-26
2593,75,7,5,4,1135.88,2024-01-16
2594,119,5,25,2,776.31,2024-11-02
2595,112,14,60,5,660.7,2024-06-16
2596,24,9,71,4,993.53,2024-06-03
2597,157,5,20,4,254.27,2024-12-05
2598,88,2,27,5,1849.53,2024-06-20
2599,24,4,43,4,185.55,2024-11-30
2600,61,3,35,4,516.43,2024-10-25
2601,244,13,49,3,215.51,2024-10-28
2602,100,7,57,1,134.28,2024-03-03
2603,138,11,5,5,1488.56,2024-03-15
2604,171,4,18,3,185.62,2024-09-08
2605,9,3,37,2,288.82,2024-10-12
2606,187,13,9,2,183.44,2024-09-08
2607,161,15,38,1,47.66,2024-06-17
2608,161,6,58,4,547.81,2024-12-07
2609,96,15,59,5,215.94,2024-12-12
2610,14,1,44,1,68.73,2024-03-08
2611,247,15,34,3,240.72,2024-05-15
2612,248,4,8,2,447.95,2024-07-07
2613,28,7,52,3,862.21,2024-05-08
2614,37,13,5,1,349.0,2024-09-18
2615,114,7,4,3,702.56,2024-05-07
2616,48,6,57,3,450.51,2024-12-02
2617,206,1,45,1,77.02,2024-06-11
2618,82,15,33,3,201.96,2024-04-05
2619,48,14,65,4,550.19,2024-07-29
2620,53,12,59,5,193.59,2024-01-25
2621,105,13,4,1,276.72,2024-09-15
2622,189,10,6,1,120.73,2024-03-05
2623,67,10,44,5,394.53,2024-07-27
2624,34,6,5,4,1267.9,2024-04-02
2625,189,6,4,3,814.5,2024-09-14
2626,50,14,31,4,389.15,2024-07-06
2627,183,2,25,2,835.96,2024-10-08
2628,71,10,26,4,1584.82,2024-08-16
2629,248,4,6,3,311.17,2024-11-08
2630,45,3,23,4,494.63,2024-06-28
2631,220,7,8,2,445.02,2024-07-30
2632,34,6,5,3,994.36,2024-06-18
2633,202,6,7,2,561.92,2024-08-30
2634,15,12,40,1,119.91,2024-07-01
2635,189,15,32,4,407.03,2024-06-12
2636,245,8,23,2,207.65,2024-09-24
2637,117,2,77,2,491.67,2024-05-03
2638,49,6,8,2,491.88,2024-07-08
2639,136,5,64,3,379.65,2024-08-02
2640,40,6,75,3,313.26,2024-02-25
2641,136,12,15,3,108.46,2024-12-15
2642,106,5,43,3,143.88,2024-10-20
2643,37,1,39,1,306.41,2024-11-30
2644,143,15,32,3,290.72,2024-11-06
2645,49,4,45,2,153.86,2024-08-01
2646,196,4,43,4,191.27,2024-07-07
2647,78,12,79,1,107.15,2024-10-03
2648,168,15,34,2,152.95,2024-08-17
2649,164,1,13,4,133.53,2024-05-18
2650,16,8,26,3,1097.41,2024-11-14
2651,208,3,29,2,949.67,2024-11-17
2652,145,14,12,4,108.28,2024-10-03
2653,78,6,69,4,272.59,2024-06-30
2654,234,10,38,1,46.91,2024-02-05
2655,176,1,45,5,379.09,2024-07-12
2656,49,10,33,4,259.01,2024-07-11
2657,165,5,61,5,614.03,2024-05-11
2658,77,12,41,3,219.55,2024-06-30
2659,39,14,43,5,227.24,2024-07-07
2660,6,8,49,3,173.54,2024-05-13
2661,47,7,61,5,624.09,2024-06-13
2662,38,7,24,4,153.42,2024-12-04
2663,41,14,35,4,448.87,2024-02-03
2664,224,2,3,1,295.74,2024-11-06
2665,57,15,31,5,568.94,2024-10-28
2666,217,5,62,1,68.52,2024-01-26
2667,224,1,5,4,1180.28,2024-12-07
2668,99,3,68,4,363.13,2024-09-08
2669,127,14,11,3,235.07,2024-08-25
2670,159,3,34,1,77.34,2024-08-06
2671,168,11,77,4,813.26,2024-01-15
2672,116,8,39,5,1458.94,2024-12-22
2673,68,13,22,2,815.52,2024-03-02
2674,95,4,67,4,1304.6,2024-09-28
2675,100,13,2,4,273.73,2024-08-05
2676,192,8,77,4,840.88,2024-04-06
2677,80,6,63,4,959.01,2024-08-18
2678,128,5,18,3,194.62,2024-11-10
2679,161,15,40,2,291.15,2024-07-09
2680,155,7,54,1,231.22,2024-03-15
2681,58,13,8,4,1074.24,2024-08-06
2682,148,11,48,4,1227.44,2024-02-15
2683,193,10,37,3,422.51,2024-01-20
2684,161,4,58,4,471.91,2024-01-21
2685,80,6,54,3,802.23,2024-06-17
2686,85,14,36,1,38.11,2024-12-11
2687,199,5,59,3,113.74,2024-03-04
2688,56,2,27,3,1123.91,2024-03-03
2689,60,8,26,2,691.0,2024-04-23
2690,194,2,39,1,350.23,2024-10-17
2691,71,11,57,3,398.13,2024-11-25
2692,15,11,54,4,977.2,2024-10-15
2693,72,2,25,3,1267.37,2024-11-24
2694,134,6,3,1,316.34,2024-09-10
2695,80,6,59,2,83.45,2024-05-19
2696,9,9,25,4,1526.89,2024-07-10
2697,165,8,72,2,828.84,2024-05-11
2698,52,4,52,5,1464.4,2024-08-23
2699,207,1,43,3,133.73,2024-10-20
2700,144,13,4,1,287.44,2024-02-04
2701,77,1,54,5,1191.54,2024-11-14
2702,90,4,67,2,609.07,2024-01-01
2703,205,2,80,5,700.2,2024-11-14
2704,30,11,5,5,1410.94,2024-08-17
2705,143,6,10,1,281.43,2024-09-12
2706,219,1,53,3,748.35,2024-11-25
2707,215,2,26,4,1597.55,2024-06-20
2708,189,15,1,2,722.3,2024-04-28
2709,168,6,22,2,869.11,2024-10-18
2710,2,5,13,4,136.84,2024-05-31
2711,71,4,2,5,314.71,2024-05-12
2712,176,8,22,4,1420.35,2024-05-07
2713,48,15,50,1,81.52,2024-06-21
2714,190,3,11,2,168.34,2024-03-28
2715,14,3,51,1,191.11,2024-01-22
2716,189,15,33,5,328.35,2024-06-20
2717,32,5,78,2,71.67,2024-07-03
2718,206,12,61,3,378.05,2024-11-01
2719,85,13,41,5,388.06,2024-11-27
2720,120,10,71,2,578.3,2024-12-26
2721,143,6,6,1,126.24,2024-02-29
2722,176,11,10,2,514.01,2024-11-07
2723,129,5,14,3,361.16,2024-02-13
2724,209,4,45,4,329.14,2024-10-24
2725,149,4,6,4,418.12,2024-01-03
2726,111,15,4,1,278.06,2024-01-22
2727,159,3,40,4,587.01,2024-09-14
2728,246,9,48,3,969.65,2024-10-05
2729,52,2,24,2,93.28,2024-08-22
2730,78,15,40,3,443.55,2024-10-22
2731,248,2,25,1,437.6,2024-01-14
2732,124,15,46,2,167.45,2024-07-02
2733,213,7,22,2,727.95,2024-10-05
2734,240,5,2,2,116.48,2024-05-08
2735,45,7,62,1,68.36,2024-03-21
2736,36,1,9,2,155.17,2024-08-05
2737,205,8,74,4,740.22,2024-06-08
2738,103,13,76,5,291.57,2024-12-27
2739,182,15,65,3,435.88,2024-10-03
2740,225,12,64,4,501.13,2024-02-08
2741,115,1,23,3,336.16,2024-01-27
2742,62,1,5,3,899.47,2024-01-10
2743,173,12,77,4,868.05,2024-03-15
2744,205,5,15,3,109.58,2024-08-09
2745,48,6,58,5,686.06,2024-10-30
2746,126,3,30,5,2161.85,2024-12-24
2747,208,3,73,2,211.73,2024-09-18
2748,127,10,22,4,1718.66,2024-08-06
2749,6,9,2,3,175.33,2024-04-28
2750,117,6,30,1,431.09,2024-11-04
2751,48,6,55,5,379.5,2024-12-11
2752,122,2,74,1,211.98,2024-08-28
2753,168,14,65,3,377.21,2024-10-12
2754,236,9,39,5,1447.18,2024-10-22
2755,127,10,50,4,325.66,2024-08-01
2756,246,12,13,2,70.53,2024-01-06
2757,185,13,9,5,447.83,2024-07-02
2758,192,5,41,5,345.03,2024-02-21
2759,210,4,25,1,387.43,2024-11-09
2760,41,2,27,3,1054.12,2024-12-26
2761,7,15,65,3,449.15,2024-12-10
2762,221,4,55,2,129.5,2024-07-01
2763,155,12,40,1,122.99,2024-09-08
2764,128,4,19,2,115.29,2024-03-09
2765,222,7,65,4,548.57,2024-01-21
2766,51,12,23,2,219.57,2024-10-06
2767,33,2,77,5,1210.55,2024-10-18
2768,158,13,41,2,168.75,2024-03-02
2769,113,2,75,4,420.08,2024-09-11
2770,19,15,37,2,303.41,2024-02-23
2771,168,15,38,1,47.15,2024-06-20
2772,228,13,1,1,336.07,2024-09-29
2773,12,2,72,3,1383.63,2024-07-09
2774,24,12,6,2,203.66,2024-03-19
2775,20,5,4,5,1164.85,2024-01-24
2776,126,3,73,4,412.69,2024-11-24
2777,100,13,37,5,730.77,2024-09-01
2778,235,14,27,2,665.32,2024-05-23
2779,165,4,54,3,696.22,2024-04-14
2780,79,5,12,4,105.28,2024-01-24
2781,192,13,1,3,995.32,2024-03-03
2782,87,4,53,5,1235.63,2024-01-25
2783,121,12,19,2,120.52,2024-11-01
2784,202,6,3,4,1226.59,2024-02-09
2785,134,12,77,5,1082.41,2024-10-10
2786,184,8,74,4,743.11,2024-08-12
2787,48,15,65,4,617.95,2024-03-06
2788,243,13,67,2,736.86,2024-11-25
2789,205,11,9,5,397.27,2024-01-20
2790,93,5,19,3,174.79,2024-09-13
2791,238,7,3,4,1115.25,2024-04-24
2792,30,5,78,1,36.07,2024-10-23
2793,104,11,6,2,215.55,2024-02-24
2794,207,6,43,5,261.05,2024-10-18
2795,139,2,31,4,458.33,2024-01-17
2796,212,6,7,2,572.03,2024-08-17
2797,122,2,72,2,919.61,2024-08-03
2798,80,15,60,1,151.71,2024-04-10
2799,144,8,24,1,40.66,2024-06-26
2800,162,6,29,3,1335.17,2024-01-19
2801,195,8,67,5,1611.82,2024-08-21
2802,179,8,68,5,414.8,2024-10-27
2803,165,15,18,1,73.88,2024-01-17
2804,10,12,15,1,38.95,2024-01-12
2805,80,13,3,1,319.21,2024-05-31
2806,28,7,47,4,374.03,2024-01-08
2807,25,15,3,3,936.17,2024-07-28
2808,21,8,29,3,1146.99,2024-08-09
2809,77,3,64,1,141.74,2024-10-15
2810,107,9,4,1,254.66,2024-09-14
2811,120,8,30,2,722.48,2024-08-25
2812,152,13,29,1,454.02,2024-03-09
2813,216,5,49,5,306.27,2024-11-10
2814,124,14,33,5,287.74,2024-12-13
2815,194,1,2,3,186.51,2024-04-26
2816,26,9,57,5,648.04,2024-09-13
2817,80,15,36,3,136.0,2024-05-24
2818,136,14,37,1,120.64,2024-08-06
2819,63,13,3,3,970.66,2024-12-18
2820,209,7,57,1,124.1,2024-07-07
2821,249,10,31,2,219.1,2024-08-23
2822,51,5,20,3,197.59,2024-12-15
2823,76,8,39,2,584.64,2024-06-10
2824,172,2,24,1,47.37,2024-05-12
2825,44,2,21,2,314.4,2024-01-06
2826,27,8,70,5,940.02,2024-01-17
2827,46,6,10,3,850.89,2024-08-05
2828,168,13,32,3,312.46,2024-10-13
2829,172,5,49,1,58.56,2024-07-28
2830,81,2,80,5,721.37,2024-06-08
2831,189,5,79,1,113.14,2024-06-17
2832,161,6,5,4,1335.97,2024-11-24
2833,178,10,44,1,73.95,2024-04-08
2834,165,3,38,3,137.26,2024-12-21
2835,243,4,43,2,93.75,2024-01-16
2836,247,6,54,5,1317.25,2024-12-17
2837,211,15,37,3,423.39,2024-05-30
2838,111,15,65,4,607.75,2024-05-09
2839,200,5,73,4,349.26,2024-10-27
2840,9,4,10,1,243.7,2024-01-05
2841,146,7,57,2,253.96,2024-10-06
2842,33,7,59,3,117.46,2024-04-16
2843,119,8,80,3,383.29,2024-05-28
2844,206,11,67,1,305.33,2024-01-12
2845,7,15,50,3,254.92,2024-06-30
2846,51,12,6,1,109.15,2024-01-31
2847,158,10,29,2,942.56,2024-05-09
2848,8,8,25,4,1581.46,2024-07-03
2849,241,11,14,4,496.22,2024-03-04
2850,101,11,28,2,77.77,2024-11-28
2851,60,14,75,3,274.03,2024-11-20
2852,176,10,42,2,384.42,2024-10-20
2853,134,6,54,5,1430.22,2024-10-18
2854,186,7,10,5,1301.4,2024-06-30
2855,160,12,56,5,516.09,2024-03-29
2856,186,8,24,4,162.99,2024-05-27
2857,187,11,19,4,242.23,2024-09-27
2858,34,4,36,1,38.21,2024-11-03
2859,101,4,17,4,274.52,2024-08-24
2860,236,7,4,3,763.88,2024-05-22
2861,237,12,78,3,103.87,2024-03-24
2862,97,9,3,1,282.5,2024-06-28
2863,241,1,5,5,1479.43,2024-03-23
2864,123,1,38,3,120.27,2024-03-27
2865,135,13,18,4,296.02,2024-08-03
2866,124,8,24,2,80.82,2024-06-11
2867,68,12,18,4,242.73,2024-03-09
2868,113,12,17,5,344.21,2024-10-23
2869,99,3,31,2,221.52,2024-09-07
2870,194,8,29,2,823.71,2024-11-16
2871,245,5,67,4,1324.79,2024-10-18
2872,202,11,43,2,97.19,2024-02-04
2873,122,6,1,3,1002.67,2024-10-13
2874,26,10,38,1,46.46,2024-10-17
2875,124,6,60,4,611.69,2024-04-26
2876,157,2,27,3,1145.34,2024-06-08
2877,88,9,6,4,432.95,2024-07-10
2878,226,10,35,4,503.98,2024-01-10
2879,156,1,5,2,551.76,2024-12-01
2880,123,11,6,1,106.67,2024-05-22
2881,161,6,2,2,135.17,2024-02-08
2882,84,14,80,5,627.66,2024-06-28
2883,184,2,4,2,540.31,2024-01-08
2884,240,14,73,1,92.05,2024-01-02
2885,48,15,31,2,234.42,2024-05-23
2886,239,2,74,5,1089.94,2024-08-04
2887,167,8,75,3,276.68,2024-10-04
2888,2,6,67,1,357.1,2024-01-23
2889,159,5,57,2,267.08,2024-07-19
2890,160,7,48,2,635.01,2024-09-13
2891,245,7,58,1,114.82,2024-12-19
2892,45,3,35,3,391.88,2024-12-15
2893,67,12,19,1,59.12,2024-07-16
2894,170,5,20,5,328.72,2024-10-20
2895,189,15,49,4,273.09,2024-01-18
2896,143,8,72,4,1606.84,2024-12-22
2897,93,15,60,3,448.6,2024-02-14
2898,102,1,56,4,403.53,2024-08-07
2899,244,5,56,5,484.28,2024-10-23
2900,138,8,41,2,139.72,2024-01-27
2901,72,2,24,4,188.0,2024-07-01
2902,172,11,5,3,910.57,2024-08-12
2903,4,9,1,3,859.08,2024-11-17
2904,120,10,68,4,359.79,2024-10-23
2905,231,3,76,2,119.7,2024-04-22
2906,249,11,21,4,599.87,2024-06-24
2907,90,13,54,2,576.41,2024-03-20
2908,64,14,73,3,267.13,2024-09-16
2909,148,14,34,3,195.16,2024-12-27
2910,47,5,47,4,354.74,2024-10-24
2911,201,9,1,3,938.11,2024-10-02
2912,105,4,6,2,202.87,2024-05-17
2913,250,2,70,3,678.71,2024-03-05
2914,133,10,69,3,209.45,2024-12-13
2915,114,10,57,1,151.14,2024-01-23
2916,12,7,9,4,305.8,2024-05-22
2917,209,13,2,3,213.13,2024-02-10
2918,223,12,40,3,366.89,2024-10-13
2919,22,8,49,2,121.75,2024-12-25
2920,112,8,23,3,337.76,2024-12-28
2921,205,8,21,3,419.86,2024-07-10
2922,129,14,34,5,322.43,2024-10-03
2923,128,12,19,2,118.27,2024-07-04
2924,48,15,68,5,454.15,2024-08-02
2925,182,4,67,2,607.01,2024-03-23
2926,45,3,68,2,175.33,2024-10-15
2927,214,13,16,2,128.26,2024-03-11
2928,179,11,9,5,388.59,2024-06-28
2929,117,7,62,1,66.56,2024-12-07
2930,29,5,60,4,508.3,2024-05-31
2931,134,6,4,4,1138.55,2024-06-07
2932,168,6,53,4,1209.69,2024-08-30
2933,111,12,19,4,247.99,2024-01-24
2934,91,9,57,3,398.65,2024-03-12
2935,71,10,24,1,45.86,2024-02-01
2936,147,5,67,4,1270.66,2024-10-30
2937,129,9,5,4,1142.09,2024-05-21
2938,126,3,73,3,314.43,2024-07-31
2939,202,15,30,5,2136.23,2024-12-17
2940,9,5,59,2,74.5,2024-08-09
2941,150,4,6,1,103.84,2024-01-29
2942,23,4,7,5,1272.81,2024-05-02
2943,211,4,3,1,281.34,2024-09-17
2944,172,5,41,3,210.58,2024-06-14
2945,161,6,10,3,849.96,2024-07-20
2946,109,2,74,3,635.96,2024-12-28
2947,55,9,53,5,1308.26,2024-04-12
2948,129,11,3,2,530.62,2024-07-22
2949,234,7,32,2,180.99,2024-10-04
2950,207,12,79,5,560.27,2024-05-08
2951,246,2,42,4,803.11,2024-12-20
2952,44,2,56,2,223.4,2024-08-05
2953,247,15,36,5,220.5,2024-12-16
2954,80,15,50,1,82.3,2024-10-29
2955,49,8,22,1,383.41,2024-01-03
2956,136,3,78,1,42.23,2024-11-13
2957,190,6,17,1,77.33,2024-12-04
2958,41,8,25,1,388.69,2024-07-06
2959,20,11,71,3,779.27,2024-07-14
2960,209,3,35,4,511.23,2024-03-18
2961,25,1,52,4,1152.48,2024-04-30
2962,204,10,68,2,178.34,2024-03-08
2963,33,7,58,1,122.64,2024-01-08
2964,14,4,41,3,219.9,2024-10-31
2965,152,13,9,2,175.14,2024-05-24
2966,77,9,45,1,79.01,2024-07-07
2967,195,1,77,2,424.53,2024-05-06
2968,166,3,73,5,529.14,2024-01-13
2969,6,3,37,1,137.73,2024-11-13
2970,120,1,58,2,228.42,2024-06-17
2971,177,12,15,4,149.06,2024-11-25
2972,126,4,43,3,139.69,2024-02-03
2973,33,8,75,2,184.4,2024-06-07
2974,238,9,53,1,244.01,2024-07-18
2975,110,7,8,5,1091.82,2024-10-22
2976,223,12,19,2,117.96,2024-01-27
2977,36,14,45,1,82.54,2024-02-20
2978,227,4,8,2,452.56,2024-08-11
2979,236,3,46,5,417.05,2024-05-27
2980,103,13,67,1,376.32,2024-11-04
2981,155,14,29,4,1651.36,2024-12-18
2982,150,10,38,5,233.0,2024-07-04
2983,48,6,24,1,47.23,2024-02-15
2984,241,7,23,1,111.95,2024-12-27
2985,220,7,42,5,804.55,2024-01-02
2986,71,12,25,4,1475.39,2024-04-20
2987,69,7,7,2,505.57,2024-10-15
2988,151,13,5,2,678.64,2024-12-28
2989,162,1,71,2,482.85,2024-08-14
2990,184,7,43,2,93.32,2024-01-25
2991,161,14,60,5,630.81,2024-09-03
2992,72,2,63,2,468.57,2024-01-23
2993,11,10,28,2,89.17,2024-08-05
2994,246,11,53,3,739.88,2024-07-08
2995,106,9,6,5,540.56,2024-08-24
2996,8,11,9,4,322.95,2024-04-22
2997,118,3,55,5,367.91,2024-02-03
2998,189,6,43,1,53.68,2024-09-10
2999,81,4,9,5,392.88,2024-09-12
3000,146,7,46,5,369.39,2024-10-23
3001,84,7,2,1,62.09,2024-11-23
3002,238,15,38,4,187.26,2024-03-19
3003,118,3,67,3,1107.77,2024-02-15
3004,145,1,5,3,833.29,2024-05-15
3005,162,6,26,4,1672.38,2024-04-27
3006,102,8,29,1,387.71,2024-08-07
3007,55,5,66,4,242.86,2024-02-09
3008,203,4,6,5,535.32,2024-03-03
3009,159,1,47,2,182.81,2024-12-09
3010,156,4,69,3,171.62,2024-12-10
3011,242,11,73,4,371.91,2024-10-12
3012,7,5,49,5,313.68,2024-04-11
3013,178,10,37,3,444.75,2024-07-25
3014,176,8,7,4,987.17,2024-06-08
3015,103,5,47,4,376.65,2024-12-18
3016,57,9,1,5,1521.03,2024-04-17
3017,105,9,45,1,79.34,2024-06-20
3018,239,10,22,5,2132.82,2024-04-04
3019,98,7,5,2,596.91,2024-03-14
3020,111,6,71,3,880.55,2024-07-30
3021,111,15,32,3,301.89,2024-04-08
3022,138,13,9,4,363.27,2024-02-23
3023,91,1,10,5,1305.25,2024-07-16
3024,154,2,51,2,386.83,2024-10-08
3025,194,7,67,5,1655.87,2024-11-11
3026,61,3,33,1,65.81,2024-12-14
3027,167,15,80,3,406.04,2024-08-06
3028,133,10,30,3,1261.26,2024-10-14
3029,59,9,31,1,97.92,2024-10-05
3030,32,1,7,3,737.65,2024-10-26
3031,166,2,27,4,1530.66,2024-11-04
3032,244,13,12,2,59.3,2024-01-15
3033,41,2,63,2,468.16,2024-11-17
3034,14,3,37,1,150.8,2024-05-04
3035,212,14,37,1,123.12,2024-01-03
3036,26,10,32,2,196.76,2024-10-08
3037,124,10,34,2,155.59,2024-11-05
3038,230,1,32,1,89.22,2024-08-21
3039,163,8,21,1,146.33,2024-12-19
3040,33,2,49,3,217.13,2024-04-18
3041,194,14,44,3,199.82,2024-05-11
3042,201,4,62,1,66.62,2024-02-07
3043,247,6,69,1,66.34,2024-11-16
3044,230,1,71,4,950.28,2024-09-04
3045,36,3,33,1,61.27,2024-05-01
3046,188,11,2,5,314.92,2024-04-13
3047,161,5,15,2,77.24,2024-03-26
3048,10,2,27,2,714.12,2024-02-08
3049,60,9,45,2,161.56,2024-07-15
3050,190,3,21,1,160.37,2024-02-20
3051,120,7,10,2,511.91,2024-04-20
3052,127,3,13,1,39.96,2024-09-15
3053,183,2,60,5,732.22,2024-03-10
3054,71,10,37,5,715.61,2024-05-11
3055,209,13,1,2,667.73,2024-11-10
3056,169,10,44,2,154.89,2024-01-12
3057,243,5,47,2,178.45,2024-09-24
3058,200,5,78,3,103.1,2024-06-14
3059,241,13,43,2,108.25,2024-07-30
3060,40,15,65,5,741.58,2024-08-19
3061,234,10,38,1,46.39,2024-07-20
3062,169,5,12,3,83.54,2024-04-28
3063,34,6,6,4,473.27,2024-11-24
3064,63,10,18,5,348.7,2024-01-14
3065,141,2,17,1,78.71,2024-02-16
3066,103,13,52,2,705.83,2024-09-30
3067,19,1,77,1,204.52,2024-04-01
3068,11,5,13,1,35.71,2024-11-22
3069,213,12,59,1,38.82,2024-08-23
3070,172,1,58,3,367.39,2024-08-13
3071,176,10,37,1,139.75,2024-05-10
3072,15,14,31,3,296.41,2024-10-05
3073,21,11,70,5,931.93,2024-02-01
3074,137,15,43,4,215.46,2024-12-21
3075,119,7,3,5,1398.41,2024-03-07
3076,145,5,11,1,76.92,2024-10-17
3077,116,3,46,1,89.88,2024-09-04
3078,243,14,32,2,182.33,2024-12-06
3079,143,4,45,2,155.14,2024-09-15
3080,42,14,35,3,339.09,2024-03-17
3081,159,1,76,2,101.81,2024-09-25
3082,239,10,68,4,352.56,2024-08-22
3083,39,3,46,4,358.13,2024-11-17
3084,42,1,33,1,58.01,2024-11-09
3085,148,4,52,2,605.7,2024-09-27
3086,197,5,62,3,197.71,2024-12-12
3087,64,8,28,3,120.8,2024-07-20
3088,76,13,78,1,41.7,2024-10-10
3089,170,7,6,2,212.29,2024-06-19
3090,58,14,40,1,131.66,2024-11-18
3091,14,3,37,2,282.58,2024-01-31
3092,49,2,70,2,434.7,2024-12-18
3093,189,6,6,5,615.44,2024-04-03
3094,162,15,44,3,223.76,2024-07-04
3095,158,13,10,2,562.57,2024-02-23
3096,87,8,29,3,1247.16,2024-06-19
3097,165,8,23,5,543.41,2024-06-02
3098,197,3,38,5,219.59,2024-07-06
3099,44,2,72,3,1411.9,2024-11-24
3100,67,10,37,2,291.73,2024-09-13
3101,45,8,27,3,926.61,2024-11-14
3102,169,10,34,3,224.57,2024-01-02
3103,119,1,4,3,719.42,2024-11-29
3104,57,2,62,5,375.49,2024-12-17
3105,161,15,72,2,896.06,2024-04-10
3106,224,2,29,4,1910.14,2024-05-02
3107,123,12,78,4,150.62,2024-06-06
3108,191,4,71,1,260.3,2024-11-19
3109,4,7,67,4,1218.08,2024-01-14
3110,208,7,53,2,516.76,2024-06-07
3111,239,10,33,5,334.16,2024-11-02
3112,161,12,40,1,125.17,2024-05-16
3113,22,8,21,1,137.84,2024-03-25
3114,124,6,2,1,72.27,2024-01-27
3115,124,3,73,4,423.23,2024-09-18
3116,164,4,6,1,107.01,2024-02-10
3117,192,5,71,3,722.47,2024-01-19
3118,119,14,49,5,307.43,2024-11-21
3119,130,13,21,1,172.11,2024-11-27
3120,109,2,18,3,213.64,2024-11-24
3121,58,8,22,2,758.86,2024-09-30
3122,162,15,36,5,232.07,2024-06-13
3123,154,12,77,3,619.34,2024-06-14
3124,121,11,28,4,160.75,2024-11-07
3125,44,9,1,3,883.85,2024-09-01
3126,249,10,69,2,136.5,2024-08-10
3127,121,1,71,1,238.31,2024-10-27
3128,155,4,58,1,115.16,2024-05-23
3129,217,14,32,2,172.79,2024-08-10
3130,7,12,68,3,244.02,2024-11-19
3131,159,7,50,4,292.89,2024-11-12
3132,55,7,53,4,959.63,2024-09-05
3133,205,6,2,1,69.43,2024-03-07
3134,43,7,49,3,188.73,2024-05-26
3135,34,15,17,3,235.76,2024-05-30
3136,129,1,69,2,117.88,2024-07-10
3137,87,4,9,2,158.81,2024-08-20
3138,181,13,53,4,1208.4,2024-07-04
3139,118,13,63,3,741.21,2024-06-29
3140,236,12,43,1,45.3,2024-06-18
3141,191,14,44,4,264.52,2024-10-30
3142,164,14,65,3,407.64,2024-03-21
3143,123,14,36,5,193.28,2024-12-17
3144,110,13,6,2,251.8,2024-07-22
3145,66,8,75,5,474.06,2024-03-13
3146,210,1,57,3,376.28,2024-08-12
3147,16,1,3,3,815.55,2024-02-12
3148,126,3,46,4,358.04,2024-04-23
3149,178,14,33,2,113.58,2024-11-07
3150,124,14,38,3,115.18,2024-05-25
3151,19,7,52,2,564.66,2024-01-31
3152,91,9,48,2,619.63,2024-07-27
3153,223,2,27,4,1410.49,2024-04-01
3154,98,11,78,2,73.29,2024-12-20
3155,11,9,69,1,59.9,2024-07-15
3156,63,1,8,1,224.82,2024-07-10
3157,73,5,76,3,148.41,2024-11-30
3158,14,13,3,5,1617.1,2024-02-14
3159,121,4,70,1,198.22,2024-12-16
3160,134,15,63,4,982.25,2024-08-22
3161,138,13,44,4,301.74,2024-07-01
3162,40,6,57,1,149.32,2024-12-22
3163,52,5,14,1,131.72,2024-03-12
3164,160,7,43,3,136.38,2024-01-26
3165,159,9,18,2,127.59,2024-04-06
3166,243,11,27,3,970.9,2024-02-05
3167,250,5,41,3,215.73,2024-01-15
3168,6,8,29,1,393.55,2024-08-04
3169,99,1,4,3,738.64,2024-03-04
3170,212,12,61,4,477.93,2024-02-24
3171,108,15,72,2,939.64,2024-05-10
3172,35,11,67,4,1235.19,2024-03-30
3173,133,10,65,2,299.5,2024-12-07
3174,41,1,45,5,400.3,2024-08-20
3175,197,8,63,5,1033.71,2024-05-15
3176,197,9,3,5,1372.68,2024-10-28
3177,213,5,11,4,313.67,2024-06-19
3178,234,10,75,3,317.31,2024-07-20
3179,76,11,56,3,306.42,2024-03-14
3180,212,4,1,3,862.08,2024-07-08
3181,16,3,68,4,364.25,2024-07-06
3182,34,6,65,5,758.27,2024-09-06
3183,238,10,44,4,304.0,2024-01-23
3184,239,12,30,4,1494.8,2024-11-24
3185,191,6,57,1,141.11,2024-12-19
3186,171,5,59,1,39.24,2024-09-10
3187,70,4,55,1,66.52,2024-02-24
3188,26,7,10,1,261.5,2024-10-27
3189,204,10,50,3,243.55,2024-06-14
3190,46,14,44,2,135.71,2024-12-30
3191,124,15,72,4,1834.32,2024-09-14
3192,246,6,2,4,289.01,2024-07-19
3193,240,9,45,3,243.09,2024-02-26
3194,84,12,49,4,233.2,2024-08-03
3195,144,7,39,1,297.81,2024-08-03
3196,168,15,31,3,338.65,2024-07-08
3197,189,6,3,2,602.7,2024-06-20
3198,49,7,9,3,249.22,2024-09-18
3199,172,3,35,1,131.07,2024-11-24
3200,110,12,58,3,353.97,2024-12-24
3201,247,15,68,4,367.0,2024-09-16
3202,156,11,26,1,361.07,2024-04-24
3203,89,1,71,1,243.79,2024-04-14
3204,147,7,24,2,81.91,2024-10-15
3205,21,12,15,2,71.02,2024-03-02
3206,118,3,31,1,111.98,2024-04-14
3207,24,2,77,4,929.32,2024-12-15
3208,5,11,47,3,271.83,2024-07-17
3209,108,1,23,2,206.11,2024-04-06
3210,124,6,46,4,343.07,2024-07-19
3211,47,10,67,3,1125.58,2024-01-01
3212,4,13,5,2,689.64,2024-03-22
3213,53,8,25,3,1165.08,2024-03-30
3214,114,12,79,4,437.83,2024-06-15
3215,45,3,53,1,278.76,2024-09-20
3216,193,12,18,5,297.45,2024-08-07
3217,212,14,75,3,281.32,2024-07-30
3218,165,3,33,1,61.58,2024-03-24
3219,196,9,54,5,1138.5,2024-04-17
3220,101,11,48,2,631.62,2024-11-11
3221,123,5,13,2,67.8,2024-06-16
3222,71,10,37,4,584.88,2024-03-29
3223,170,11,4,2,485.54,2024-04-21
3224,124,6,14,2,281.21,2024-05-08
3225,88,12,79,4,471.47,2024-06-17
3226,116,7,75,3,268.44,2024-05-07
3227,95,1,53,5,1205.14,2024-02-04
3228,118,3,44,5,373.92,2024-10-04
3229,120,10,68,2,182.35,2024-03-27
3230,48,15,42,5,961.7,2024-09-11
3231,69,7,8,4,919.18,2024-07-28
3232,91,14,50,2,143.46,2024-03-26
3233,118,3,46,3,263.86,2024-10-15
3234,209,11,5,5,1419.56,2024-05-14
3235,49,10,33,3,191.74,2024-07-28
3236,102,14,38,5,199.42,2024-08-11
3237,34,6,5,5,1723.38,2024-12-23
3238,168,6,66,2,141.04,2024-04-16
3239,234,10,47,5,549.42,2024-07-15
3240,68,13,10,1,283.34,2024-08-23
3241,107,1,58,3,357.96,2024-07-28
3242,181,1,58,1,123.12,2024-08-12
3243,16,3,38,2,91.86,2024-10-08
3244,41,2,72,4,1900.89,2024-08-07
3245,114,4,1,2,609.2,2024-04-24
3246,199,5,18,4,246.93,2024-09-04
3247,118,1,75,1,92.29,2024-12-03
3248,84,14,44,2,134.0,2024-09-07
3249,9,8,70,4,751.81,2024-05-04
3250,10,2,39,3,1070.54,2024-10-08
3251,137,11,8,1,230.45,2024-09-21
3252,110,9,2,2,118.69,2024-02-18
3253,206,3,55,2,147.63,2024-09-10
3254,43,13,73,3,308.98,2024-06-05
3255,218,1,10,4,982.27,2024-06-10
3256,197,10,6,1,117.14,2024-10-23
3257,15,11,5,4,1124.61,2024-09-16
3258,202,6,30,3,1320.03,2024-05-24
3259,217,4,67,2,653.77,2024-11-21
3260,142,1,14,2,243.31,2024-09-28
3261,97,6,57,2,284.77,2024-04-12
3262,90,1,58,3,357.38,2024-12-29
3263,13,3,32,2,207.08,2024-11-03
3264,221,5,74,3,542.87,2024-10-22
3265,17,5,41,5,349.09,2024-11-15
3266,211,12,78,2,74.02,2024-03-12
3267,143,4,53,4,1057.45,2024-07-18
3268,111,14,51,2,347.79,2024-09-25
3269,230,10,10,2,603.48,2024-06-07
3270,166,1,69,4,241.24,2024-09-30
3271,74,8,27,1,318.84,2024-09-18
3272,105,4,67,2,641.95,2024-12-16
3273,115,14,24,4,163.66,2024-05-04
3274,43,9,61,1,118.42,2024-06-07
3275,21,9,4,2,472.55,2024-02-23
3276,131,2,39,4,1405.81,2024-07-26
3277,116,14,35,5,548.27,2024-03-10
3278,121,13,5,5,1743.24,2024-08-15
3279,70,6,57,5,756.88,2024-04-05
3280,174,4,27,4,1209.86,2024-08-12
3281,136,8,26,3,1103.42,2024-08-29
3282,238,11,43,3,144.04,2024-08-26
3283,171,2,72,4,1918.45,2024-12-23
3284,143,6,53,3,892.77,2024-06-30
3285,185,8,30,5,1876.31,2024-06-14
3286,190,3,78,5,217.09,2024-12-28
3287,94,2,14,1,142.93,2024-08-09
3288,229,8,28,5,204.13,2024-02-08
3289,143,6,64,1,141.1,2024-01-31
3290,106,11,69,1,62.83,2024-10-05
3291,130,4,9,5,387.18,2024-08-10
3292,111,6,41,5,421.82,2024-01-27
3293,236,4,45,4,307.03,2024-05-03
3294,53,14,74,2,364.84,2024-11-15
3295,137,15,58,1,132.73,2024-06-11
3296,226,14,61,5,627.57,2024-11-22
3297,165,3,37,2,302.57,2024-12-12
3298,224,12,60,1,126.91,2024-12-06
3299,192,9,21,5,746.71,2024-07-12
3300,246,10,62,4,317.34,2024-04-02
3301,162,15,37,5,711.82,2024-05-22
3302,144,8,24,4,160.06,2024-10-19
3303,49,14,79,2,218.28,2024-10-19
3304,24,5,23,2,208.87,2024-12-22
3305,222,1,51,2,331.21,2024-12-16
3306,234,10,68,3,267.15,2024-07-07
3307,17,5,79,2,221.42,2024-09-28
3308,62,15,31,1,116.49,2024-06-26
3309,58,7,6,5,513.56,2024-08-31
3310,84,4,79,1,110.6,2024-08-16
3311,140,10,47,4,411.41,2024-09-14
3312,200,10,37,2,297.31,2024-07-06
3313,135,1,58,4,488.35,2024-06-09
3314,75,7,27,3,947.96,2024-01-26
3315,175,11,58,2,227.84,2024-10-22
3316,140,3,68,5,468.79,2024-11-23
3317,102,5,78,2,71.37,2024-02-09
3318,52,7,58,3,347.97,2024-02-22
3319,41,8,20,5,325.54,2024-04-30
3320,180,4,40,5,602.17,2024-05-25
3321,128,13,3,1,308.37,2024-05-02
3322,219,5,29,1,385.49,2024-02-18
3323,183,1,13,4,139.17,2024-07-11
3324,46,7,19,5,289.31,2024-06-11
3325,19,5,11,5,390.43,2024-08-20
3326,219,10,20,2,151.58,2024-06-29
3327,27,2,66,3,220.01,2024-02-10
3328,98,1,54,1,244.66,2024-01-31
3329,229,3,55,5,357.85,2024-02-23
3330,68,8,43,2,93.78,2024-11-20
3331,249,10,18,3,211.16,2024-01-13
3332,100,7,70,5,948.15,2024-08-28
3333,239,14,35,1,108.32,2024-01-29
3334,46,14,36,2,82.24,2024-09-25
3335,67,10,2,4,265.93,2024-02-04
3336,237,11,53,2,510.04,2024-07-10
3337,44,1,1,3,913.06,2024-01-16
3338,109,14,34,3,201.31,2024-04-29
3339,124,15,64,1,135.61,2024-10-21
3340,142,13,9,2,184.32,2024-10-09
3341,43,12,64,2,233.48,2024-04-02
3342,246,9,71,1,246.21,2024-11-30
3343,166,3,46,2,165.61,2024-08-13
3344,101,14,34,2,132.55,2024-08-08
3345,9,3,8,4,1058.18,2024-12-30
3346,172,3,44,2,145.93,2024-12-18
3347,37,13,22,4,1667.58,2024-07-22
3348,39,14,31,5,474.31,2024-05-24
3349,13,5,30,4,1517.58,2024-06-30
3350,54,5,64,3,350.13,2024-10-14
3351,241,13,8,1,259.02,2024-11-23
3352,211,5,62,4,274.11,2024-03-06
3353,176,10,31,3,352.3,2024-05-19
3354,247,15,43,5,256.61,2024-06-10
3355,72,2,26,1,394.11,2024-01-27
3356,65,8,75,5,477.54,2024-10-17
3357,199,2,29,1,434.24,2024-12-29
3358,92,5,78,5,183.74,2024-09-28
3359,85,7,63,2,426.22,2024-05-22
3360,127,10,57,2,287.0,2024-07-12
3361,15,12,61,3,346.42,2024-01-04
3362,28,9,7,4,988.25,2024-04-17
3363,164,9,5,5,1473.63,2024-10-26
3364,73,11,7,5,1202.06,2024-07-05
3365,49,2,39,4,1425.55,2024-07-10
3366,126,3,44,5,398.48,2024-04-21
3367,190,11,7,4,983.63,2024-02-05
3368,81,8,80,1,119.72,2024-05-04
3369,99,8,21,5,741.02,2024-09-20
3370,194,4,2,2,126.25,2024-07-02
3371,154,4,48,1,319.95,2024-10-02
3372,202,6,38,1,43.84,2024-05-10
3373,126,10,39,4,1426.1,2024-05-19
3374,126,12,76,4,210.19,2024-01-19
3375,195,5,66,1,64.08,2024-08-01
3376,137,8,30,3,1158.44,2024-07-18
3377,87,14,60,2,259.78,2024-02-18
3378,170,13,9,1,90.15,2024-04-15
3379,139,15,75,1,112.33,2024-09-22
3380,191,14,34,4,279.79,2024-06-09
3381,160,7,28,1,39.29,2024-12-31
3382,78,15,65,5,757.23,2024-08-20
3383,207,13,74,5,1033.49,2024-06-12
3384,119,9,52,2,581.65,2024-02-05
3385,246,2,57,5,769.04,2024-08-02
3386,239,8,19,4,232.72,2024-09-01
3387,41,12,13,5,183.73,2024-10-27
3388,31,14,65,5,669.54,2024-09-30
3389,94,9,22,3,1124.01,2024-12-10
3390,127,10,68,3,262.37,2024-12-22
3391,161,6,25,4,1777.1,2024-02-01
3392,204,12,56,4,386.11,2024-09-28
3393,168,6,3,4,1281.7,2024-08-10
3394,142,13,4,3,859.29,2024-01-02
3395,16,1,35,1,112.18,2024-07-08
3396,12,7,4,1,248.51,2024-06-08
3397,220,13,52,5,1745.95,2024-03-31
3398,144,12,40,3,365.26,2024-04-15
3399,69,12,64,4,487.22,2024-11-02
3400,96,3,65,2,313.73,2024-07-27
3401,211,11,36,4,161.88,2024-07-06
3402,231,9,72,2,834.64,2024-09-04
3403,40,15,42,2,404.25,2024-12-22
3404,218,3,55,4,299.58,2024-10-12
3405,168,6,71,1,286.55,2024-04-24
3406,6,12,16,3,159.47,2024-01-31
3407,76,1,4,4,989.7,2024-09-10
3408,91,8,21,4,551.53,2024-03-20
3409,202,15,55,2,154.03,2024-06-15
3410,106,1,38,2,83.45,2024-08-22
3411,172,3,38,2,91.51,2024-11-18
3412,174,2,25,2,900.29,2024-08-12
3413,37,1,40,2,263.61,2024-07-21
3414,60,11,43,5,229.73,2024-08-03
3415,227,5,40,4,481.99,2024-05-24
3416,207,7,57,2,269.13,2024-01-23
3417,53,11,1,4,1224.02,2024-02-25
3418,162,6,6,4,509.66,2024-05-01
3419,8,5,61,2,230.71,2024-03-10
3420,173,3,55,4,298.96,2024-07-26
3421,34,6,71,2,561.75,2024-11-17
3422,30,11,53,5,1232.36,2024-06-20
3423,180,4,57,4,534.8,2024-08-26
3424,171,9,58,1,114.26,2024-09-22
3425,245,1,8,2,432.17,2024-07-12
3426,220,13,71,5,1419.75,2024-07-01
3427,35,6,43,1,51.34,2024-01-06
3428,90,12,64,1,119.25,2024-03-21
3429,10,10,73,4,427.35,2024-05-16
3430,24,5,17,3,217.15,2024-10-27
3431,248,10,76,4,237.04,2024-06-11
3432,102,9,48,2,626.6,2024-01-13
3433,99,1,43,3,134.38,2024-02-14
3434,205,8,76,4,206.91,2024-07-04
3435,52,2,77,3,721.62,2024-04-21
3436,45,2,27,3,1126.02,2024-05-08
3437,136,13,9,5,480.53,2024-08-04
3438,41,12,19,4,243.03,2024-07-22
3439,175,5,40,2,263.3,2024-08-08
3440,90,13,17,3,249.11,2024-08-18
3441,190,1,13,1,33.72,2024-09-27
3442,28,12,56,1,100.63,2024-10-01
3443,12,5,72,5,2071.64,2024-12-03
3444,64,5,20,5,322.26,2024-11-27
3445,210,12,16,2,111.88,2024-09-20
3446,75,2,21,5,853.96,2024-06-14
3447,139,9,78,1,35.46,2024-12-01
3448,11,15,42,1,187.05,2024-05-24
3449,215,12,12,5,137.97,2024-02-27
3450,185,12,44,4,278.42,2024-12-29
3451,88,4,67,4,1306.28,2024-10-29
3452,47,10,31,1,107.6,2024-12-25
3453,146,7,1,2,628.05,2024-02-08
3454,226,3,55,4,310.7,2024-05-12
3455,16,3,45,5,455.96,2024-04-07
3456,199,7,53,3,765.46,2024-10-13
3457,150,13,42,5,923.88,2024-03-29
3458,2,7,20,1,61.78,2024-02-10
3459,216,12,49,3,181.04,2024-12-17
3460,78,6,51,3,579.59,2024-09-19
3461,25,11,10,5,1291.82,2024-01-30
3462,61,5,73,4,350.19,2024-02-21
3463,70,7,57,4,495.29,2024-12-27
3464,161,15,35,2,259.59,2024-01-12
3465,38,8,71,4,987.72,2024-02-18
3466,78,15,73,3,318.21,2024-07-04
3467,65,8,70,1,193.82,2024-01-07
3468,83,12,26,5,1746.86,2024-01-19
3469,57,9,71,3,774.88,2024-12-11
3470,122,11,45,5,397.36,2024-09-18
3471,10,2,70,3,660.44,2024-04-10
3472,172,3,35,4,498.54,2024-03-24
3473,165,3,36,4,179.03,2024-05-10
3474,145,2,61,5,713.59,2024-01-17
3475,201,3,18,5,342.59,2024-08-20
3476,21,8,4,4,936.03,2024-05-31
3477,5,6,48,5,1796.45,2024-08-20
3478,199,4,7,3,710.02,2024-11-24
3479,179,5,13,1,35.95,2024-04-05
3480,189,4,68,4,327.59,2024-08-06
3481,220,8,22,4,1475.56,2024-09-06
3482,66,12,76,2,104.03,2024-12-30
3483,40,15,73,2,205.86,2024-05-06
3484,120,12,23,4,412.47,2024-02-13
3485,140,11,54,5,1224.87,2024-11-25
3486,49,4,37,2,242.28,2024-04-18
3487,196,10,42,2,380.56,2024-09-09
3488,116,8,59,4,148.2,2024-08-16
3489,87,11,4,5,1218.1,2024-06-25
3490,70,3,55,1,73.15,2024-07-12
3491,136,4,48,5,1594.52,2024-09-15
3492,77,14,31,3,291.36,2024-12-18
3493,178,11,72,2,787.84,2024-09-14
3494,209,13,8,4,1041.59,2024-05-05
3495,151,11,43,2,90.22,2024-11-23
3496,39,1,41,3,208.59,2024-08-02
3497,171,12,61,5,628.27,2024-07-29
3498,114,12,68,1,79.38,2024-10-18
3499,202,9,52,1,307.57,2024-10-20
3500,143,6,42,5,929.69,2024-02-03
3501,141,2,23,2,260.47,2024-06-19
3502,14,11,9,4,309.44,2024-09-06
3503,127,10,65,5,751.36,2024-06-29
3504,197,5,80,4,500.03,2024-10-18
3505,250,2,20,2,138.83,2024-10-08
3506,166,12,11,1,78.91,2024-04-01
3507,210,9,52,5,1416.98,2024-04-03
3508,247,6,43,1,52.54,2024-10-25
3509,11,13,48,4,1409.54,2024-12-23
3510,4,13,2,1,70.91,2024-11-19
3511,247,6,35,2,254.87,2024-09-04
3512,173,14,38,5,207.81,2024-08-04
3513,80,6,67,2,754.25,2024-06-25
3514,194,2,39,1,329.36,2024-04-21
3515,233,14,38,3,116.03,2024-08-09
3516,96,8,62,4,268.42,2024-05-08
3517,80,15,46,5,446.05,2024-06-14
3518,53,1,2,3,184.89,2024-10-29
3519,154,8,21,4,597.55,2024-02-08
3520,230,11,24,5,190.17,2024-07-30
3521,148,2,75,3,339.39,2024-07-20
3522,189,15,64,3,416.01,2024-02-16
3523,31,8,22,3,1145.27,2024-07-07
3524,109,7,8,1,218.38,2024-06-27
3525,186,13,47,3,322.43,2024-07-13
3526,53,8,21,4,600.83,2024-02-17
3527,15,12,23,5,551.91,2024-11-30
3528,150,10,35,4,514.27,2024-02-06
3529,13,3,37,4,588.29,2024-05-01
3530,102,2,74,3,639.06,2024-06-01
3531,58,5,12,5,131.03,2024-11-18
3532,101,10,52,2,715.99,2024-02-01
3533,101,11,5,1,298.03,2024-01-28
3534,168,6,53,5,1444.0,2024-12-30
3535,166,14,44,5,319.04,2024-04-14
3536,168,12,17,4,284.54,2024-12-09
3537,64,11,47,2,186.0,2024-11-17
3538,161,15,73,4,408.89,2024-08-28
3539,16,12,20,5,319.94,2024-12-31
3540,58,13,76,5,288.38,2024-11-03
3541,143,15,24,4,174.58,2024-12-02
3542,39,3,14,2,305.25,2024-07-19
3543,147,9,9,4,303.26,2024-02-02
3544,112,4,69,3,172.39,2024-09-12
3545,22,8,78,1,36.16,2024-03-29
3546,161,12,9,5,392.35,2024-07-30
3547,207,13,47,3,323.27,2024-03-21
3548,99,3,35,5,616.12,2024-09-08
3549,7,11,56,2,189.13,2024-12-07
3550,141,3,23,5,649.64,2024-04-30
3551,140,6,68,5,455.42,2024-07-10
3552,229,12,66,4,249.32,2024-03-21
3553,135,7,64,3,359.49,2024-12-12
3554,202,6,67,2,699.56,2024-01-06
3555,141,15,7,5,1424.81,2024-10-03
3556,81,8,30,3,1150.28,2024-12-12
3557,34,6,1,1,328.01,2024-11-24
3558,228,9,54,4,964.76,2024-05-13
3559,128,5,64,2,240.49,2024-10-07
3560,97,7,48,3,947.09,2024-06-18
3561,240,4,10,4,1014.99,2024-10-20
3562,250,7,54,5,1241.74,2024-03-16
3563,239,3,22,5,2055.37,2024-02-08
3564,124,6,7,5,1472.99,2024-09-12
3565,74,4,7,3,774.26,2024-02-29
3566,71,10,1,3,1032.88,2024-08-01
3567,160,1,71,5,1239.84,2024-10-31
3568,223,2,72,4,1747.32,2024-09-29
3569,180,13,69,5,331.02,2024-06-01
3570,185,8,72,3,1162.18,2024-08-13
3571,136,11,57,4,529.29,2024-09-16
3572,153,12,45,3,236.21,2024-05-05
3573,157,2,29,3,1429.65,2024-11-03
3574,189,15,46,2,169.54,2024-05-08
3575,123,8,28,4,159.77,2024-02-10
3576,61,3,60,3,438.09,2024-02-07
3577,159,13,58,5,696.97,2024-08-28
3578,134,6,6,5,583.85,2024-01-15
3579,34,15,50,1,81.91,2024-07-13
3580,143,6,67,1,366.86,2024-05-21
3581,237,5,49,2,126.08,2024-08-28
3582,49,2,32,1,103.73,2024-07-27
3583,162,6,25,3,1319.68,2024-08-29
3584,211,6,58,1,135.86,2024-03-21
3585,48,9,16,5,266.5,2024-01-01
3586,126,9,71,3,759.33,2024-09-15
3587,221,11,54,2,476.19,2024-08-05
3588,13,4,54,4,928.91,2024-11-24
3589,132,14,56,4,394.41,2024-10-18
3590,169,8,75,5,483.15,2024-06-20
3591,203,1,8,3,659.16,2024-07-05
3592,12,11,5,5,1433.28,2024-11-08
3593,249,15,4,1,265.96,2024-08-14
3594,47,10,19,4,268.39,2024-08-17
3595,41,9,48,2,607.58,2024-11-14
3596,172,5,41,4,280.72,2024-02-04
3597,114,8,80,4,474.76,2024-11-22
3598,202,6,65,5,745.66,2024-09-10
3599,124,6,1,3,1004.15,2024-07-19
3600,247,6,57,2,306.24,2024-07-08
3601,197,1,1,3,862.93,2024-04-07
3602,12,14,55,4,253.23,2024-03-06
3603,28,9,58,2,235.86,2024-01-15
3604,239,14,68,3,231.11,2024-10-18
3605,198,15,44,5,369.28,2024-02-13
3606,122,4,8,1,233.05,2024-08-06
3607,50,12,61,3,361.83,2024-01-18
3608,144,7,57,2,269.05,2024-08-05
3609,133,13,55,4,290.62,2024-10-01
3610,109,7,52,1,309.39,2024-08-31
3611,96,8,45,5,389.84,2024-05-04
3612,234,12,42,3,483.32,2024-01-02
3613,194,6,57,4,614.23,2024-03-07
3614,76,6,43,5,273.4,2024-09-14
3615,17,9,58,3,362.7,2024-09-27
3616,39,8,75,5,458.85,2024-07-03
3617,90,13,1,2,675.81,2024-02-28
3618,204,1,45,1,81.4,2024-06-04
3619,127,10,68,1,90.45,2024-12-14
3620,30,14,50,4,300.13,2024-02-15
3621,166,4,9,4,323.77,2024-07-01
3622,11,1,10,3,769.61,2024-01-18
3623,142,11,5,4,1103.0,2024-10-19
3624,200,10,44,5,372.01,2024-08-11
3625,90,11,65,1,137.83,2024-04-25
3626,105,13,48,3,1100.01,2024-03-25
3627,93,5,61,1,120.05,2024-09-25
3628,57,12,13,3,109.21,2024-12-07
3629,190,3,79,4,513.58,2024-05-06
3630,156,11,2,1,58.92,2024-04-18
3631,182,10,42,5,1000.39,2024-10-05
3632,220,13,41,1,79.11,2024-12-17
3633,234,10,68,4,353.87,2024-09-11
3634,4,14,65,1,137.4,2024-07-27
3635,234,9,8,1,218.65,2024-11-16
3636,76,9,4,2,488.41,2024-07-05
3637,26,1,43,3,146.53,2024-07-16
3638,45,3,50,2,163.55,2024-03-06
3639,104,8,74,4,724.29,2024-03-23
3640,227,13,54,5,1434.55,2024-09-07
3641,94,5,12,5,135.42,2024-11-11
3642,214,13,29,1,467.45,2024-09-10
3643,10,2,23,4,520.18,2024-02-12
3644,214,5,33,4,214.03,2024-08-01
3645,137,6,4,3,811.97,2024-05-13
3646,248,5,78,5,184.68,2024-03-14
3647,107,10,37,3,423.29,2024-12-03
3648,215,11,4,2,507.0,2024-08-25
3649,12,9,57,4,530.43,2024-03-10
3650,155,1,58,2,233.31,2024-10-31
3651,239,7,6,3,332.03,2024-08-31
3652,107,11,54,3,728.25,2024-03-02
3653,112,5,19,1,60.96,2024-08-10
3654,32,12,17,3,201.04,2024-06-29
3655,124,6,52,2,704.55,2024-04-16
3656,66,9,47,3,267.53,2024-01-05
3657,67,10,47,2,222.12,2024-06-22
3658,95,1,58,5,594.68,2024-09-18
3659,111,15,57,2,294.44,2024-03-18
3660,49,7,2,2,122.63,2024-04-18
3661,136,8,32,2,173.94,2024-03-22
3662,64,8,72,2,794.25,2024-08-07
3663,75,8,39,5,1522.77,2024-03-04
3664,69,10,69,4,279.92,2024-08-22
3665,90,13,38,3,138.57,2024-04-09
3666,201,13,71,4,1109.62,2024-07-25
3667,130,7,69,1,62.47,2024-06-18
3668,104,4,57,5,623.28,2024-04-05
3669,49,1,4,2,504.19,2024-09-04
3670,153,8,28,3,112.75,2024-04-16
3671,175,9,7,2,473.66,2024-06-12
3672,241,13,13,5,192.05,2024-07-22
3673,72,7,1,2,585.34,2024-03-10
3674,15,9,77,2,414.71,2024-12-20
3675,235,12,47,2,178.34,2024-06-30
3676,199,5,31,5,486.67,2024-02-18
3677,137,6,41,5,415.78,2024-01-12
3678,97,11,2,5,299.44,2024-04-03
3679,184,4,2,3,179.25,2024-03-13
3680,234,7,23,2,212.58,2024-09-10
3681,164,9,19,3,170.58,2024-10-08
3682,38,12,55,1,68.29,2024-05-05
3683,189,6,2,5,339.81,2024-02-09
3684,217,6,75,4,449.36,2024-01-10
3685,35,7,68,1,75.55,2024-11-09
3686,165,8,72,5,1975.03,2024-07-10
3687,137,1,58,1,120.39,2024-10-12
3688,239,15,44,1,75.93,2024-04-25
3689,51,8,74,1,195.14,2024-04-11
3690,196,10,35,1,130.63,2024-06-23
3691,203,14,51,2,332.86,2024-01-21
3692,2,8,37,4,492.21,2024-06-16
3693,111,15,36,4,176.99,2024-03-01
3694,111,15,37,2,278.67,2024-08-20
3695,174,11,43,3,134.02,2024-05-31
3696,204,10,44,4,313.76,2024-07-07
3697,61,5,65,5,654.86,2024-06-08
3698,202,6,2,4,286.42,2024-10-20
3699,61,3,28,4,179.58,2024-11-02
3700,134,14,50,3,225.29,2024-11-28
3701,137,6,44,5,372.08,2024-09-09
3702,247,6,5,5,1678.47,2024-04-06
3703,52,2,23,2,255.81,2024-10-27
3704,129,12,17,2,135.16,2024-07-10
3705,108,11,9,1,76.58,2024-02-12
3706,104,5,66,2,133.42,2024-04-16
3707,189,6,6,4,467.77,2024-10-17
3708,20,4,36,2,81.16,2024-07-23
3709,240,14,34,4,256.48,2024-01-27
3710,80,15,31,1,111.84,2024-12-19
3711,31,8,75,3,276.0,2024-05-08
3712,86,1,78,5,177.86,2024-10-10
3713,10,2,39,4,1397.93,2024-04-29
3714,92,11,52,2,585.0,2024-07-07
3715,183,2,26,3,1188.52,2024-11-29
3716,39,1,68,4,316.21,2024-02-20
3717,102,1,52,1,286.68,2024-10-24
3718,94,3,57,4,578.05,2024-12-06
3719,149,5,59,1,37.98,2024-04-08
3720,136,3,80,5,730.66,2024-09-09
3721,203,12,45,2,156.54,2024-03-03
3722,78,6,58,2,258.98,2024-02-24
3723,30,6,9,2,187.26,2024-02-29
3724,159,3,50,3,258.79,2024-08-13
3725,20,4,27,4,1217.67,2024-08-28
3726,183,15,31,4,444.07,2024-06-13
3727,232,5,7,5,1214.98,2024-01-03
3728,66,4,4,1,253.53,2024-07-25
3729,119,15,34,2,156.02,2024-01-19
3730,49,2,80,2,292.55,2024-12-06
3731,162,9,12,4,103.16,2024-05-05
3732,168,6,52,3,973.06,2024-02-02
3733,238,10,41,3,250.74,2024-07-23
3734,15,12,57,5,662.49,2024-03-17
3735,75,14,55,3,190.4,2024-12-18
3736,208,3,9,1,89.33,2024-08-30
3737,169,6,52,2,666.61,2024-09-27
3738,9,3,38,2,93.62,2024-02-10
3739,236,7,48,1,310.45,2024-11-01
3740,181,13,31,3,350.44,2024-08-04
3741,82,7,54,3,711.39,2024-06-15
3742,195,4,13,4,143.94,2024-05-18
3743,3,10,46,3,248.22,2024-12-19
3744,78,15,38,4,187.24,2024-05-03
3745,27,11,2,4,242.53,2024-12-16
3746,164,1,52,5,1532.31,2024-06-13
3747,192,8,24,5,205.55,2024-09-26
3748,4,4,43,3,142.47,2024-09-07
3749,215,5,18,3,191.6,2024-07-09
3750,213,11,78,4,140.65,2024-11-04
3751,9,8,72,5,2050.09,2024-03-20
3752,244,14,38,1,40.4,2024-12-25
3753,205,8,7,3,775.73,2024-10-15
3754,122,4,4,5,1194.04,2024-07-22
3755,147,9,35,1,111.67,2024-07-02
3756,87,3,46,1,87.01,2024-09-04
3757,48,15,60,2,292.27,2024-09-15
3758,102,1,78,5,182.79,2024-03-29
3759,20,5,76,1,48.66,2024-06-26
3760,69,14,51,2,344.36,2024-09-19
3761,229,11,4,5,1272.96,2024-12-01
3762,101,1,7,1,253.12,2024-03-17
3763,211,11,67,3,959.98,2024-10-10
3764,226,3,38,1,44.26,2024-07-18
3765,128,8,21,2,287.49,2024-06-25
3766,32,13,53,1,303.17,2024-05-13
3767,60,2,75,2,207.88,2024-06-10
3768,126,11,54,3,693.85,2024-02-21
3769,230,11,5,1,292.72,2024-04-04
3770,113,1,54,3,688.97,2024-11-28
3771,117,9,69,3,173.61,2024-01-26
3772,170,14,35,3,318.28,2024-11-24
3773,222,13,47,3,327.48,2024-12-16
3774,126,9,69,2,118.76,2024-12-09
3775,105,13,45,4,351.13,2024-09-23
3776,161,12,78,1,34.73,2024-03-17
3777,41,2,23,2,253.06,2024-01-26
3778,141,2,22,2,886.62,2024-07-26
3779,176,10,37,1,139.85,2024-03-12
3780,187,14,38,2,82.71,2024-10-12
3781,202,8,39,4,1131.32,2024-10-21
3782,54,5,14,2,252.75,2024-09-26
3783,202,6,27,4,1479.82,2024-03-04
3784,244,4,55,5,316.68,2024-07-11
3785,14,11,69,5,291.32,2024-02-04
3786,134,6,53,5,1420.7,2024-12-31
3787,239,10,32,5,479.71,2024-08-15
3788,72,11,57,2,257.9,2024-02-19
3789,204,4,2,3,182.47,2024-07-21
3790,99,3,31,4,464.43,2024-01-08
3791,83,1,46,3,228.13,2024-09-16
3792,34,9,34,5,341.62,2024-12-07
3793,8,2,23,5,632.42,2024-04-28
3794,83,9,5,5,1416.0,2024-09-03
3795,196,10,46,5,430.2,2024-06-30
3796,119,4,45,4,324.99,2024-02-21
3797,207,6,28,1,45.06,2024-01-09
3798,106,7,54,1,242.39,2024-12-05
3799,103,12,18,1,60.1,2024-02-05
3800,111,12,14,5,622.54,2024-04-22
3801,153,1,7,1,255.06,2024-05-10
3802,15,11,54,5,1144.14,2024-08-26
3803,199,1,63,5,1081.79,2024-04-18
3804,107,1,58,5,565.27,2024-01-27
3805,162,15,32,4,389.45,2024-02-19
3806,47,7,58,3,338.8,2024-08-08
3807,70,9,32,2,173.13,2024-06-13
3808,197,1,43,2,94.39,2024-11-06
3809,86,1,29,4,1633.63,2024-08-13
3810,30,10,60,2,307.52,2024-01-18
3811,178,10,78,1,42.92,2024-06-09
3812,250,12,2,5,289.74,2024-11-05
3813,248,13,70,3,653.54,2024-08-10
3814,115,6,69,1,71.25,2024-08-16
3815,76,5,5,3,847.86,2024-11-21
3816,250,6,48,3,1092.58,2024-05-23
3817,145,1,7,1,252.31,2024-11-26
3818,205,8,28,1,41.06,2024-01-13
3819,88,2,11,3,275.71,2024-06-27
3820,162,12,47,4,354.72,2024-02-06
3821,66,14,35,4,430.18,2024-09-22
3822,2,5,2,1,62.72,2024-01-20
3823,75,1,33,3,163.28,2024-08-24
3824,136,7,38,5,204.85,2024-06-28
3825,6,3,73,5,519.56,2024-05-24
3826,109,7,53,4,964.01,2024-04-08
3827,11,9,78,3,110.79,2024-02-15
3828,29,9,4,4,957.7,2024-12-14
3829,96,11,4,3,733.82,2024-11-04
3830,79,1,43,1,46.56,2024-02-06
3831,53,13,36,4,190.11,2024-09-04
3832,197,14,50,2,147.91,2024-02-21
3833,11,11,30,2,763.15,2024-03-03
3834,169,10,50,3,258.72,2024-02-21
3835,131,7,10,3,756.42,2024-08-02
3836,94,5,65,5,687.97,2024-04-02
3837,175,5,78,5,175.44,2024-09-17
3838,222,15,38,4,185.23,2024-05-19
3839,175,12,64,5,623.61,2024-03-21
3840,180,13,12,3,95.91,2024-06-02
3841,233,9,40,1,131.03,2024-10-21
3842,80,11,58,3,365.9,2024-04-30
3843,149,15,44,5,391.08,2024-09-14
3844,144,8,75,2,187.04,2024-12-07
3845,173,11,54,3,742.14,2024-08-28
3846,40,15,42,2,380.2,2024-10-15
3847,117,2,25,5,2190.58,2024-06-05
3848,112,8,56,4,405.65,2024-07-23
3849,58,13,69,2,143.46,2024-03-24
3850,215,7,43,5,237.9,2024-11-08
3851,29,4,67,4,1310.73,2024-01-08
3852,204,9,53,3,761.92,2024-01-14
3853,96,11,56,2,204.86,2024-10-29
3854,172,11,54,4,912.37,2024-06-04
3855,72,14,62,4,281.17,2024-02-26
3856,9,5,56,4,415.61,2024-01-29
3857,244,3,11,3,262.29,2024-05-24
3858,159,5,76,5,258.57,2024-10-02
3859,161,6,48,2,733.59,2024-05-16
3860,137,15,46,4,340.85,2024-12-10
3861,54,7,43,3,147.15,2024-01-02
3862,232,12,4,5,1263.42,2024-04-20
3863,209,13,54,2,551.08,2024-12-27
3864,199,12,47,5,457.74,2024-09-16
3865,40,15,72,5,2407.92,2024-03-21
3866,226,12,55,4,249.08,2024-07-28
3867,34,15,24,4,182.4,2024-06-05
3868,139,5,66,3,185.01,2024-07-03
3869,15,1,78,4,148.64,2024-08-09
3870,247,6,60,5,720.74,2024-05-22
3871,28,8,30,5,1962.93,2024-10-27
3872,183,2,21,4,679.95,2024-06-24
3873,11,10,33,3,191.14,2024-08-31
3874,16,9,57,2,249.29,2024-09-01
3875,12,11,3,2,524.55,2024-06-06
3876,189,14,35,2,227.91,2024-09-02
3877,60,5,49,5,315.22,2024-03-30
3878,160,13,58,1,129.38,2024-07-13
3879,148,11,79,5,542.25,2024-11-26
3880,45,12,20,4,263.77,2024-01-21
3881,18,4,70,2,389.55,2024-11-02
3882,189,15,76,3,167.98,2024-02-12
3883,38,11,7,2,496.4,2024-01-31
3884,168,6,56,5,557.93,2024-04-21
3885,75,10,72,2,938.38,2024-07-01
3886,191,15,37,2,290.09,2024-06-02
3887,63,7,54,2,468.61,2024-10-08
3888,200,11,8,1,231.83,2024-04-01
3889,115,14,35,1,114.48,2024-10-21
3890,209,4,6,3,304.81,2024-06-17
3891,189,6,69,2,134.96,2024-12-01
3892,79,11,66,2,129.63,2024-03-14
3893,245,7,53,4,1017.31,2024-05-03
3894,131,12,68,5,409.26,2024-10-31
3895,219,2,72,4,1774.81,2024-09-06
3896,66,8,80,4,511.84,2024-02-12
3897,76,1,48,2,644.68,2024-11-13
3898,100,13,37,1,148.14,2024-09-05
3899,20,4,7,2,469.54,2024-01-11
3900,20,5,2,4,248.86,2024-10-17
3901,109,2,28,4,173.15,2024-04-02
3902,94,7,4,3,737.77,2024-04-23
3903,18,13,7,3,826.18,2024-02-02
3904,21,11,4,3,729.81,2024-07-08
3905,114,7,12,2,53.26,2024-12-21
3906,186,1,9,4,311.4,2024-04-07
3907,116,2,21,4,692.89,2024-01-04
3908,181,3,57,2,293.91,2024-04-30
3909,153,14,32,1,90.79,2024-01-03
3910,112,2,72,2,879.23,2024-10-09
3911,236,10,34,1,80.57,2024-07-31
3912,154,2,72,4,1754.11,2024-11-28
3913,250,6,32,3,304.16,2024-01-22
3914,71,14,11,1,79.58,2024-12-30
3915,8,14,5,3,854.69,2024-02-12
3916,134,15,15,5,224.35,2024-11-08
3917,236,15,53,1,299.47,2024-03-18
3918,104,8,25,3,1168.45,2024-09-10
3919,156,8,22,3,1088.23,2024-09-14
3920,229,14,35,3,326.33,2024-01-05
3921,70,14,44,4,275.33,2024-01-30
3922,152,7,65,4,542.67,2024-09-08
3923,226,6,57,2,295.26,2024-09-12
3924,77,2,24,4,175.43,2024-10-11
3925,243,1,54,3,706.33,2024-09-07
3926,143,1,54,5,1180.48,2024-06-15
3927,137,15,12,3,95.82,2024-05-22
3928,36,12,34,2,136.98,2024-09-09
3929,241,13,45,1,87.02,2024-03-04
3930,113,4,54,2,473.59,2024-05-09
3931,202,15,35,3,359.87,2024-10-15
3932,130,11,5,1,287.98,2024-07-14
3933,138,11,71,1,238.4,2024-09-30
3934,57,2,75,2,219.26,2024-04-25
3935,239,10,55,1,76.58,2024-06-09
3936,32,5,11,3,220.44,2024-09-10
3937,4,7,53,3,775.73,2024-02-26
3938,191,12,11,1,80.11,2024-08-30
3939,65,9,10,3,755.11,2024-08-11
3940,183,2,62,1,77.09,2024-09-06
3941,172,3,23,5,639.13,2024-06-02
3942,67,10,35,1,123.72,2024-08-19
3943,172,3,38,2,90.7,2024-08-25
3944,201,15,68,5,437.4,2024-12-17
3945,144,13,60,4,596.38,2024-09-30
3946,139,14,36,2,77.85,2024-07-26
3947,243,13,4,1,289.5,2024-10-03
3948,39,1,2,1,62.48,2024-11-28
3949,236,3,31,4,428.82,2024-07-09
3950,162,15,80,1,138.66,2024-07-19
3951,231,8,23,4,442.26,2024-03-18
3952,239,10,70,4,928.96,2024-04-08
3953,220,7,17,3,202.89,2024-07-11
3954,125,9,5,1,293.0,2024-04-01
3955,93,6,58,1,133.38,2024-05-17
3956,157,1,53,2,520.41,2024-11-28
3957,144,14,34,5,348.01,2024-11-21
3958,78,15,7,1,281.86,2024-06-14
3959,75,9,8,5,1093.42,2024-01-14
3960,207,13,43,4,204.72,2024-09-30
3961,200,10,32,4,394.78,2024-12-15
3962,121,4,1,3,881.0,2024-11-08
3963,163,1,41,5,362.18,2024-01-30
3964,121,5,59,5,191.41,2024-03-22
3965,117,14,50,1,75.24,2024-01-03
3966,242,11,42,1,174.47,2024-03-01
3967,161,15,43,3,161.31,2024-10-04
3968,199,9,10,2,509.64,2024-01-13
3969,41,7,57,3,396.11,2024-08-15
3970,45,3,50,2,172.46,2024-07-03
3971,153,2,15,2,84.46,2024-05-09
3972,21,8,74,5,937.0,2024-12-10
3973,89,13,45,1,88.32,2024-11-14
3974,178,12,61,3,345.85,2024-01-13
3975,143,6,1,1,344.96,2024-11-19
3976,137,15,48,1,360.94,2024-10-24
3977,55,10,35,4,497.11,2024-11-15
3978,98,3,42,4,750.78,2024-08-26
3979,157,14,35,3,316.71,2024-04-14
3980,11,10,37,4,596.45,2024-08-12
3981,44,2,27,5,1891.34,2024-11-11
3982,122,2,23,5,605.63,2024-08-08
3983,149,7,7,4,966.62,2024-08-06
3984,124,6,10,3,897.47,2024-11-01
3985,201,13,4,3,799.09,2024-10-05
3986,27,10,49,2,144.01,2024-02-25
3987,115,9,75,4,389.03,2024-04-26
3988,250,4,6,2,206.44,2024-05-23
3989,54,3,38,5,229.08,2024-05-02
3990,154,2,25,3,1243.28,2024-12-31
3991,40,11,9,1,75.85,2024-06-07
3992,199,4,56,4,395.08,2024-06-04
3993,11,8,20,4,242.01,2024-03-23
3994,81,8,77,5,1028.25,2024-08-06
3995,106,4,45,2,165.67,2024-09-05
3996,136,4,58,5,614.48,2024-03-16
3997,49,4,6,5,530.04,2024-02-17
3998,149,10,44,4,305.49,2024-11-19
3999,120,11,57,4,495.0,2024-01-02
4000,200,10,53,2,574.2,2024-09-27
4001,45,15,33,4,257.87,2024-10-20
4002,3,7,48,5,1625.13,2024-09-25
4003,41,2,22,3,1311.78,2024-03-24
4004,137,6,57,1,146.5,2024-02-08
4005,116,11,6,3,306.55,2024-11-08
4006,155,10,37,1,137.98,2024-02-01
4007,55,9,1,5,1507.86,2024-06-26
4008,137,15,59,5,220.05,2024-05-19
4009,64,15,55,3,226.48,2024-12-20
4010,235,8,18,4,239.38,2024-02-21
4011,18,4,65,1,131.24,2024-08-04
4012,187,12,12,3,83.45,2024-11-06
4013,143,15,31,5,560.49,2024-10-11
4014,216,1,57,5,620.96,2024-11-24
4015,138,13,5,4,1363.27,2024-09-26
4016,128,9,3,3,833.05,2024-06-12
4017,139,8,13,2,71.12,2024-08-13
4018,183,4,6,1,110.06,2024-12-08
4019,80,6,69,5,337.31,2024-05-09
4020,51,4,64,5,583.84,2024-04-25
4021,207,12,76,5,253.13,2024-08-10
4022,70,3,57,5,721.58,2024-07-24
4023,230,5,14,3,377.69,2024-05-30
4024,249,7,4,5,1228.91,2024-09-05
4025,170,9,52,3,901.19,2024-06-10
4026,143,15,46,5,443.21,2024-07-24
4027,45,8,74,5,894.38,2024-08-25
4028,218,3,42,1,191.7,2024-01-13
4029,88,2,77,2,473.94,2024-04-29
4030,105,9,68,2,166.19,2024-11-11
4031,214,3,68,4,351.21,2024-07-02
4032,226,11,71,5,1278.88,2024-04-05
4033,133,10,8,2,509.64,2024-07-09
4034,69,8,7,5,1284.3,2024-04-12
4035,167,8,40,5,609.22,2024-03-15
4036,60,8,1,4,1144.5,2024-02-09
4037,106,3,50,1,83.12,2024-08-10
4038,22,2,23,1,118.95,2024-02-24
4039,101,7,67,3,932.06,2024-06-08
4040,40,15,65,5,788.64,2024-07-23
4041,136,3,21,1,171.78,2024-06-10
4042,34,3,73,5,514.5,2024-08-22
4043,239,11,8,4,923.48,2024-04-11
4044,118,3,51,5,1004.24,2024-01-24
4045,115,12,62,4,276.7,2024-02-03
4046,31,14,12,2,54.28,2024-05-09
4047,164,1,2,1,59.81,2024-03-31
4048,108,3,33,2,125.93,2024-10-21
4049,79,11,53,3,729.03,2024-08-08
4050,176,11,8,3,706.06,2024-05-25
4051,228,8,29,1,379.67,2024-07-29
4052,41,1,67,3,920.98,2024-10-08
4053,185,9,45,5,401.06,2024-10-14
4054,237,8,26,1,349.91,2024-02-05
4055,89,11,21,5,734.41,2024-03-25
4056,65,13,9,2,174.39,2024-12-03
4057,161,4,18,5,327.38,2024-08-22
4058,72,12,20,2,123.35,2024-03-15
4059,120,10,68,4,380.76,2024-09-12
4060,165,12,7,3,776.73,2024-08-29
4061,34,8,70,3,605.25,2024-09-03
4062,203,3,66,2,148.64,2024-05-31
4063,10,2,23,1,118.76,2024-10-20
4064,144,8,26,5,1793.91,2024-10-23
4065,127,10,17,1,76.86,2024-03-05
4066,92,7,69,4,251.31,2024-01-26
4067,47,15,33,1,63.17,2024-07-05
4068,145,8,23,3,333.7,2024-09-27
4069,67,12,78,3,112.45,2024-06-28
4070,73,2,29,3,1306.31,2024-08-27
4071,7,12,11,4,319.05,2024-04-20
4072,62,2,30,2,845.1,2024-08-18
4073,192,9,35,3,331.15,2024-08-29
4074,177,4,16,2,107.89,2024-02-07
4075,26,11,24,4,156.58,2024-03-18
4076,131,2,29,3,1403.69,2024-10-10
4077,150,9,53,4,963.13,2024-01-30
4078,114,6,45,1,92.24,2024-03-07
4079,172,7,53,4,975.98,2024-05-10
4080,169,12,26,2,711.8,2024-08-19
4081,136,3,7,3,871.26,2024-01-21
4082,132,8,31,4,394.03,2024-09-21
4083,127,8,21,2,290.39,2024-11-14
4084,214,7,50,5,369.3,2024-09-22
4085,93,5,14,5,636.02,2024-04-24
4086,235,9,67,2,635.21,2024-07-23
4087,18,13,45,1,89.3,2024-10-22
4088,143,6,58,4,564.33,2024-07-03
4089,85,11,25,2,724.04,2024-11-27
4090,147,8,30,1,385.03,2024-04-19
4091,77,11,43,4,194.48,2024-11-11
4092,109,14,60,4,506.76,2024-01-26
4093,6,3,6,2,244.76,2024-08-05
4094,170,5,73,3,278.66,2024-09-24
4095,235,11,60,1,131.93,2024-06-28
4096,122,2,22,4,1657.78,2024-11-10
4097,1,12,17,4,286.93,2024-07-15
4098,234,10,36,4,178.05,2024-07-16
4099,192,13,79,4,509.22,2024-02-15
4100,145,2,29,2,914.91,2024-03-09
4101,169,14,46,4,302.75,2024-02-19
4102,221,5,33,5,272.57,2024-02-28
4103,127,10,41,5,422.55,2024-11-29
4104,46,7,26,5,1752.7,2024-10-21
4105,80,15,58,1,139.54,2024-08-18
4106,237,14,55,5,321.44,2024-11-27
4107,16,8,24,5,192.69,2024-02-15
4108,233,11,1,2,575.74,2024-09-29
4109,116,7,1,4,1183.36,2024-02-23
4110,72,5,48,4,1268.01,2024-02-09
4111,127,10,49,1,73.26,2024-06-19
4112,184,1,9,1,81.78,2024-01-01
4113,99,3,51,3,577.88,2024-08-02
4114,165,14,51,3,516.86,2024-04-08
4115,36,12,59,4,159.17,2024-02-12
4116,4,13,43,5,256.43,2024-03-18
4117,63,4,10,4,1047.46,2024-04-05
4118,223,2,54,1,284.05,2024-06-20
4119,218,4,60,2,265.6,2024-01-07
4120,143,6,69,1,72.12,2024-12-29
4121,18,9,54,2,481.62,2024-02-01
4122,168,15,32,4,388.15,2024-01-26
4123,102,7,69,1,58.33,2024-08-23
4124,85,1,9,1,76.61,2024-12-02
4125,147,14,61,4,486.19,2024-12-11
4126,27,4,10,4,1015.04,2024-10-17
4127,40,15,42,5,957.21,2024-02-05
4128,39,14,68,2,150.81,2024-12-08
4129,241,13,54,4,1137.49,2024-10-03
4130,233,9,9,2,158.57,2024-11-14
4131,136,7,69,4,251.95,2024-08-16
4132,236,5,79,2,214.52,2024-01-19
4133,26,10,33,4,264.8,2024-10-29
4134,124,6,28,4,180.33,2024-03-18
4135,169,12,40,4,501.76,2024-09-24
4136,246,2,80,2,295.1,2024-07-26
4137,241,5,16,2,107.1,2024-08-03
4138,144,13,22,2,868.86,2024-07-10
4139,134,15,73,1,105.88,2024-03-01
4140,48,15,68,1,93.01,2024-07-14
4141,18,13,53,5,1383.97,2024-08-09
4142,79,12,19,1,60.8,2024-12-15
4143,181,13,8,5,1260.48,2024-03-20
4144,144,8,23,1,109.66,2024-12-17
4145,165,3,31,5,560.6,2024-08-06
4146,13,11,67,1,329.17,2024-05-29
4147,221,5,76,4,210.49,2024-07-18
4148,194,2,78,3,120.25,2024-01-02
4149,228,7,7,5,1291.1,2024-06-24
4150,133,12,45,5,381.85,2024-12-13
4151,66,1,62,4,275.63,2024-10-28
4152,83,12,23,3,341.22,2024-01-18
4153,16,4,45,1,81.06,2024-09-23
4154,106,14,50,5,360.44,2024-08-10
4155,176,3,44,4,303.02,2024-11-26
4156,145,2,28,2,95.09,2024-02-08
4157,26,10,51,2,375.62,2024-11-14
4158,35,14,57,4,523.7,2024-08-30
4159,137,1,10,2,506.47,2024-03-29
4160,158,4,47,3,272.88,2024-12-21
4161,66,5,16,1,52.43,2024-11-20
4162,31,1,71,3,747.67,2024-11-04
4163,200,5,41,1,68.15,2024-10-06
4164,95,13,32,2,210.11,2024-04-14
4165,93,8,27,5,1588.95,2024-03-01
4166,82,8,41,2,142.91,2024-04-22
4167,61,3,13,2,81.29,2024-09-04
4168,207,13,52,2,685.5,2024-09-08
4169,227,4,1,1,297.8,2024-05-12
4170,177,14,46,5,357.53,2024-06-05
4171,152,13,58,2,270.34,2024-04-05
4172,202,6,74,2,446.4,2024-08-19
4173,197,1,6,3,331.07,2024-08-25
4174,56,12,61,1,118.64,2024-10-02
4175,35,3,37,1,151.44,2024-08-23
4176,17,6,7,2,575.01,2024-08-18
4177,7,12,28,3,121.32,2024-05-26
4178,123,15,49,5,350.21,2024-12-11
4179,55,7,12,2,55.98,2024-10-29
4180,8,10,46,2,172.42,2024-10-03
4181,48,15,20,2,152.88,2024-11-09
4182,206,7,58,3,364.07,2024-11-26
4183,203,8,35,3,321.75,2024-03-22
4184,84,11,20,2,122.4,2024-10-04
4185,137,15,33,3,198.32,2024-03-08
4186,234,10,37,5,691.02,2024-02-08
4187,174,9,49,1,63.38,2024-08-09
4188,200,10,42,3,554.3,2024-07-15
4189,218,11,57,2,259.77,2024-02-06
4190,38,7,67,4,1205.48,2024-12-21
4191,99,3,14,1,141.92,2024-11-29
4192,163,4,48,5,1569.6,2024-11-29
4193,100,13,2,5,343.08,2024-06-02
4194,122,2,77,5,1205.85,2024-12-11
4195,174,13,71,5,1473.59,2024-09-22
4196,34,15,33,1,63.93,2024-05-24
4197,62,10,4,2,574.55,2024-07-30
4198,8,9,43,5,238.0,2024-05-26
4199,201,5,27,4,1225.29,2024-02-27
4200,51,14,65,4,547.79,2024-04-18
4201,144,14,29,1,404.76,2024-02-08
4202,237,11,10,2,511.06,2024-06-01
4203,62,12,64,4,486.94,2024-09-06
4204,97,6,9,2,176.16,2024-03-03
4205,195,9,9,5,412.07,2024-08-29
4206,119,5,13,2,67.43,2024-03-22
4207,92,7,57,3,380.84,2024-04-21
4208,34,1,14,2,242.42,2024-09-27
4209,12,2,28,2,90.54,2024-06-10
4210,140,9,3,5,1325.11,2024-03-26
4211,107,1,9,1,78.69,2024-03-07
4212,117,14,51,1,169.05,2024-10-17
4213,145,2,22,1,447.81,2024-02-05
4214,155,8,24,3,114.51,2024-07-22
4215,164,14,37,5,638.33,2024-02-08
4216,170,4,2,2,115.06,2024-10-16
4217,228,11,3,5,1324.34,2024-02-08
4218,235,14,50,5,354.32,2024-12-26
4219,209,4,53,4,972.31,2024-09-08
4220,236,3,32,5,527.81,2024-01-04
4221,189,7,27,3,927.97,2024-04-15
4222,168,6,54,2,539.95,2024-02-04
4223,80,1,74,3,554.77,2024-03-02
4224,63,8,63,1,220.18,2024-06-22
4225,49,2,70,4,864.74,2024-10-27
4226,240,14,20,3,199.24,2024-09-01
4227,24,5,26,3,1082.71,2024-12-14
4228,107,7,8,5,1073.03,2024-07-15
4229,170,4,47,4,364.37,2024-04-23
4230,71,10,3,1,295.78,2024-10-09
4231,27,5,78,4,144.11,2024-01-23
4232,183,2,24,3,136.19,2024-01-03
4233,201,14,42,3,521.92,2024-07-03
4234,184,9,38,4,164.69,2024-05-27
4235,42,11,57,1,131.76,2024-11-02
4236,36,1,1,1,296.45,2024-06-27
4237,250,2,1,4,1414.59,2024-10-31
4238,197,2,74,3,621.33,2024-10-23
4239,202,15,50,1,80.61,2024-02-18
4240,111,15,66,3,230.21,2024-11-05
4241,111,11,58,5,606.0,2024-11-23
4242,201,8,2,2,125.43,2024-05-11
4243,249,14,63,1,221.88,2024-04-26
4244,201,7,30,3,1120.85,2024-05-31
4245,52,2,61,1,140.85,2024-10-25
4246,143,15,33,3,189.91,2024-07-07
4247,40,6,71,5,1493.42,2024-08-06
4248,150,12,59,2,79.58,2024-08-05
4249,35,15,18,5,351.1,2024-07-30
4250,24,11,69,1,60.4,2024-03-22
4251,83,5,61,1,117.4,2024-08-08
4252,77,11,5,2,574.39,2024-08-13
4253,29,5,49,1,58.83,2024-07-04
4254,39,3,11,2,172.84,2024-02-17
4255,108,8,26,5,1707.92,2024-10-21
4256,48,6,9,1,87.89,2024-05-06
4257,158,8,80,3,370.44,2024-10-10
4258,72,2,70,5,1128.55,2024-02-22
4259,195,1,70,2,399.16,2024-08-04
4260,170,11,56,1,95.87,2024-02-01
4261,98,13,9,4,378.68,2024-09-02
4262,67,7,45,4,305.98,2024-01-25
4263,67,9,8,1,228.06,2024-06-05
4264,204,4,74,5,942.11,2024-07-01
4265,226,8,26,5,1780.3,2024-01-05
4266,190,3,34,3,224.53,2024-12-12
4267,40,14,46,2,142.52,2024-04-05
4268,189,15,34,5,394.36,2024-03-03
4269,215,14,68,1,81.43,2024-04-05
4270,220,9,69,1,62.11,2024-06-22
4271,4,4,63,2,443.76,2024-12-09
4272,58,9,30,5,1945.4,2024-05-28
4273,27,1,61,4,494.99,2024-10-30
4274,13,3,34,1,75.54,2024-09-07
4275,202,15,50,4,322.87,2024-06-05
4276,72,6,52,5,1780.58,2024-02-29
4277,202,15,61,2,278.0,2024-06-05
4278,30,4,41,3,208.71,2024-08-05
4279,150,10,73,4,398.17,2024-07-28
4280,43,4,28,2,82.43,2024-04-26
4281,194,8,23,5,550.73,2024-01-21
4282,161,6,14,3,417.78,2024-04-29
4283,49,5,56,4,398.65,2024-04-28
4284,200,3,51,5,926.82,2024-11-20
4285,111,12,41,1,70.76,2024-08-29
4286,144,13,8,4,1059.49,2024-08-14
4287,187,5,60,2,257.84,2024-02-04
4288,249,4,9,2,155.89,2024-04-06
4289,124,6,56,5,551.58,2024-03-04
4290,112,2,26,1,410.02,2024-05-10
4291,138,8,28,3,115.95,2024-05-23
4292,247,14,50,4,297.31,2024-08-19
4293,50,15,34,4,307.78,2024-06-16
4294,127,10,31,1,112.62,2024-11-27
4295,228,9,29,5,1920.64,2024-03-04
4296,141,5,61,5,615.38,2024-02-23
4297,96,7,2,5,302.74,2024-01-25
4298,137,15,66,5,348.8,2024-12-09
4299,118,3,24,5,230.1,2024-03-28
4300,17,7,9,4,303.71,2024-10-06
4301,56,8,56,2,190.57,2024-10-15
4302,177,4,3,2,537.28,2024-03-09
4303,103,13,1,3,1019.02,2024-11-28
4304,1,4,68,2,154.91,2024-02-27
4305,21,11,54,4,932.31,2024-04-04
4306,123,12,79,4,453.52,2024-02-19
4307,225,4,54,2,496.4,2024-03-23
4308,125,11,72,1,401.5,2024-07-05
4309,169,6,45,5,456.47,2024-01-18
4310,124,15,33,4,245.21,2024-05-02
4311,129,4,54,5,1189.28,2024-01-07
4312,70,3,31,4,433.2,2024-12-19
4313,65,11,3,1,265.59,2024-01-16
4314,151,4,54,5,1143.82,2024-09-28
4315,172,9,69,2,121.24,2024-10-03
4316,146,6,2,5,360.76,2024-04-04
4317,241,13,52,5,1679.08,2024-10-30
4318,189,6,5,2,695.72,2024-03-30
4319,113,1,10,5,1265.12,2024-12-13
4320,56,2,22,4,1709.94,2024-01-16
4321,109,2,22,1,418.02,2024-02-09
4322,39,14,31,3,286.47,2024-02-23
4323,10,15,26,4,1587.78,2024-10-07
4324,79,8,70,2,376.4,2024-08-17
4325,166,9,55,1,65.26,2024-04-23
4326,205,13,52,1,347.93,2024-04-06
4327,176,10,33,2,127.18,2024-10-18
4328,150,14,50,4,280.71,2024-12-23
4329,152,7,71,2,522.46,2024-07-31
4330,239,7,32,4,359.63,2024-07-09
4331,200,7,57,3,379.53,2024-06-24
4332,116,8,75,5,462.14,2024-03-11
4333,157,12,40,5,613.81,2024-02-07
4334,250,9,66,2,126.43,2024-06-08
4335,225,9,6,2,218.36,2024-07-12
4336,73,1,9,3,227.08,2024-06-28
4337,217,14,32,2,168.92,2024-09-02
4338,181,13,76,5,293.11,2024-02-06
4339,78,15,30,4,1758.71,2024-04-16
4340,152,13,57,1,144.75,2024-09-08
4341,24,5,56,5,516.89,2024-10-08
4342,132,1,41,3,218.09,2024-01-08
4343,106,9,14,5,653.76,2024-08-24
4344,222,15,68,2,184.48,2024-04-15
4345,21,11,69,3,171.61,2024-12-12
4346,204,8,30,2,737.59,2024-01-22
4347,104,2,63,3,723.47,2024-06-03
4348,97,9,5,5,1385.72,2024-01-06
4349,233,11,1,3,891.05,2024-06-21
4350,143,6,67,4,1385.12,2024-01-15
4351,111,12,15,4,155.1,2024-12-11
4352,18,14,25,1,376.01,2024-07-26
4353,206,1,38,3,121.53,2024-07-11
4354,193,10,33,3,187.02,2024-12-19
4355,100,15,58,3,403.03,2024-07-04
4356,101,5,50,5,347.26,2024-04-02
4357,6,7,8,5,1128.83,2024-11-18
4358,156,5,56,5,492.44,2024-01-26
4359,181,9,15,5,186.17,2024-06-12
4360,143,9,4,3,739.16,2024-04-08
4361,58,7,68,4,309.28,2024-02-23
4362,100,3,38,4,184.86,2024-03-25
4363,172,3,31,5,568.78,2024-05-29
4364,56,5,9,2,152.67,2024-04-11
4365,218,5,43,4,189.36,2024-11-01
4366,236,1,6,3,316.13,2024-10-12
4367,34,8,8,4,911.52,2024-08-02
4368,124,6,3,3,894.93,2024-01-27
4369,26,5,59,4,151.71,2024-07-13
4370,156,8,27,2,649.86,2024-03-08
4371,223,5,62,2,134.53,2024-10-28
4372,121,7,53,5,1321.13,2024-03-08
4373,215,1,43,3,142.91,2024-03-24
4374,181,9,36,3,115.13,2024-09-27
4375,166,3,42,1,187.88,2024-07-17
4376,125,7,58,5,582.23,2024-09-16
4377,101,10,2,5,356.36,2024-09-22
4378,60,7,3,3,779.25,2024-12-20
4379,83,4,69,3,182.01,2024-12-17
4380,203,5,56,3,289.08,2024-01-28
4381,36,8,29,3,1215.63,2024-09-02
4382,106,9,69,3,175.58,2024-11-28
4383,61,3,59,3,137.36,2024-11-10
4384,157,4,9,4,328.05,2024-05-02
4385,140,8,80,1,119.47,2024-07-30
4386,244,9,4,1,244.45,2024-11-27
4387,247,6,54,3,785.52,2024-04-07
4388,196,10,36,3,135.0,2024-08-19
4389,157,14,62,3,207.97,2024-07-20
4390,63,14,65,4,506.17,2024-07-25
4391,236,3,68,4,348.74,2024-04-29
4392,244,13,58,1,131.42,2024-04-11
4393,126,3,68,4,357.24,2024-11-08
4394,104,5,19,5,295.6,2024-01-16
4395,192,13,8,3,811.4,2024-11-28
4396,80,6,53,4,1121.35,2024-10-03
4397,9,11,23,5,547.97,2024-05-10
4398,34,15,76,2,120.47,2024-06-30
4399,220,4,1,3,912.55,2024-07-23
4400,110,9,77,1,197.77,2024-02-10
4401,62,10,46,2,177.59,2024-01-08
4402,229,5,41,4,275.87,2024-12-19
4403,178,5,60,4,514.81,2024-02-17
4404,208,11,53,5,1291.0,2024-04-11
4405,138,13,56,5,561.18,2024-03-20
4406,24,1,9,3,237.67,2024-07-12
4407,60,2,47,1,109.61,2024-05-24
4408,28,2,23,4,517.69,2024-12-08
4409,99,3,28,3,137.72,2024-08-07
4410,162,6,3,2,640.64,2024-02-01
4411,195,4,36,4,157.49,2024-03-29
4412,67,7,2,1,62.62,2024-09-19
4413,176,10,15,3,131.21,2024-06-19
4414,87,4,34,2,131.56,2024-08-08
4415,137,3,55,1,75.17,2024-09-18
4416,64,2,65,3,477.73,2024-08-20
4417,53,13,9,1,91.25,2024-05-19
4418,234,10,50,5,427.96,2024-03-11
4419,67,11,45,3,243.71,2024-08-01
4420,90,12,12,4,108.01,2024-12-04
4421,166,11,4,5,1269.29,2024-06-27
4422,105,13,20,3,213.01,2024-01-01
4423,31,4,9,4,312.49,2024-11-01
4424,76,13,43,3,164.39,2024-02-01
4425,200,10,27,1,368.38,2024-01-25
4426,144,8,21,3,438.35,2024-10-24
4427,218,1,9,2,166.38,2024-11-14
4428,37,3,46,3,265.43,2024-07-07
4429,89,12,49,2,126.42,2024-06-03
4430,127,10,57,5,752.38,2024-04-27
4431,193,10,27,1,348.44,2024-12-15
4432,162,6,71,4,1152.57,2024-04-05
4433,241,13,73,3,307.95,2024-09-17
4434,155,4,7,1,251.14,2024-02-06
4435,155,9,45,5,409.68,2024-12-14
4436,75,9,71,1,258.1,2024-05-29
4437,41,6,49,4,266.01,2024-04-17
4438,78,15,65,4,599.72,2024-08-19
4439,85,14,73,1,90.89,2024-01-18
4440,88,8,17,1,67.69,2024-10-26
4441,202,15,27,5,1740.62,2024-07-23
4442,67,14,33,4,234.3,2024-04-07
4443,30,10,42,3,550.75,2024-09-01
4444,163,4,54,1,248.7,2024-11-30
4445,8,10,36,1,46.65,2024-07-22
4446,233,8,23,4,438.49,2024-11-18
4447,238,5,49,1,63.76,2024-07-19
4448,170,7,54,1,250.66,2024-09-07
4449,147,12,16,4,211.87,2024-07-06
4450,182,3,38,1,47.77,2024-04-08
4451,167,1,48,1,323.58,2024-09-25
4452,46,4,6,5,555.29,2024-01-31
4453,245,14,33,4,231.64,2024-12-30
4454,69,12,12,5,131.82,2024-05-31
4455,208,3,51,4,745.67,2024-03-07
4456,77,14,42,3,502.13,2024-01-20
4457,13,7,8,4,894.77,2024-11-25
4458,126,4,68,5,411.37,2024-03-25
4459,246,2,22,4,1652.25,2024-11-07
4460,129,1,61,5,619.83,2024-09-29
4461,12,12,13,4,134.24,2024-06-25
4462,214,13,55,3,226.48,2024-07-08
4463,194,8,21,2,295.71,2024-04-25
4464,161,7,43,5,240.06,2024-05-23
4465,58,13,3,5,1592.72,2024-11-12
4466,56,10,62,5,379.57,2024-07-24
4467,40,6,10,3,910.36,2024-04-09
4468,225,5,19,5,305.41,2024-03-30
4469,202,1,2,1,57.49,2024-07-20
4470,181,13,45,2,187.64,2024-11-11
4471,207,7,3,4,1048.57,2024-03-12
4472,247,6,19,2,130.07,2024-06-27
4473,42,9,6,4,445.16,2024-12-16
4474,222,4,2,3,182.08,2024-11-22
4475,4,11,57,4,533.1,2024-02-10
4476,153,2,30,3,1316.62,2024-04-28
4477,102,1,60,4,494.74,2024-02-21
4478,218,3,34,1,77.35,2024-02-18
4479,169,14,54,4,1001.04,2024-07-07
4480,16,3,62,2,160.3,2024-08-19
4481,184,2,51,5,958.2,2024-11-26
4482,71,7,10,1,249.87,2024-04-30
4483,216,6,58,5,663.45,2024-11-21
4484,75,8,44,2,130.4,2024-08-15
4485,247,15,29,5,2249.66,2024-07-17
4486,231,11,8,2,470.75,2024-11-29
4487,169,4,1,1,293.14,2024-01-09
4488,40,15,10,3,893.17,2024-02-19
4489,127,10,29,2,886.16,2024-11-29
4490,125,5,20,3,194.34,2024-08-02
4491,153,2,78,3,126.76,2024-11-18
4492,59,14,68,3,227.95,2024-03-05
4493,175,15,3,4,1202.68,2024-09-17
4494,174,2,27,1,382.84,2024-10-21
4495,15,9,3,5,1311.34,2024-04-12
4496,209,5,49,2,119.53,2024-09-27
4497,178,1,67,4,1259.73,2024-11-18
4498,236,15,65,2,297.98,2024-12-25
4499,25,5,60,4,495.64,2024-10-01
4500,191,8,21,5,710.68,2024-09-12
4501,34,5,26,2,709.17,2024-04-30
4502,78,12,11,5,393.64,2024-11-22
4503,87,3,36,5,232.18,2024-01-21
4504,80,9,57,2,253.64,2024-08-12
4505,232,8,24,2,78.52,2024-02-19
4506,165,3,51,4,752.06,2024-01-04
4507,205,5,56,3,291.31,2024-08-27
4508,88,7,17,3,206.17,2024-11-08
4509,133,7,15,4,150.83,2024-02-04
4510,95,8,24,2,78.79,2024-12-02
4511,70,3,60,1,150.88,2024-06-16
4512,161,1,53,3,770.08,2024-12-29
4513,245,9,52,4,1163.79,2024-08-23
4514,77,9,58,2,225.68,2024-08-21
4515,12,7,8,2,442.71,2024-05-26
4516,46,9,17,3,205.36,2024-05-26
4517,245,14,70,5,931.76,2024-01-08
4518,49,11,32,3,253.04,2024-08-05
4519,213,12,49,1,62.72,2024-02-20
4520,41,2,24,3,140.08,2024-08-24
4521,57,14,33,2,115.28,2024-09-16
4522,167,14,46,5,365.25,2024-10-13
4523,78,15,65,1,146.57,2024-08-14
4524,179,8,39,4,1200.9,2024-06-22
4525,212,4,1,5,1440.33,2024-08-18
4526,70,5,19,1,61.64,2024-01-02
4527,50,11,58,5,600.25,2024-03-26
4528,127,10,34,5,388.8,2024-07-18
4529,143,6,67,2,725.92,2024-05-08
4530,189,6,72,4,1921.78,2024-09-25
4531,238,1,58,4,460.81,2024-04-01
4532,12,7,71,1,246.42,2024-10-05
4533,172,1,68,5,396.55,2024-01-04
4534,64,12,40,2,251.13,2024-03-19
4535,249,9,57,4,520.22,2024-12-01
4536,161,14,37,1,125.18,2024-02-01
4537,139,14,55,5,334.73,2024-03-26
4538,224,4,60,4,536.78,2024-07-19
4539,61,3,33,5,336.7,2024-01-31
4540,1,8,17,4,284.13,2024-11-13
4541,43,11,77,3,643.72,2024-03-20
4542,144,11,43,5,240.5,2024-05-01
4543,150,5,47,2,187.43,2024-11-22
4544,139,14,42,5,824.27,2024-11-07
4545,52,2,30,2,848.27,2024-09-25
4546,90,9,5,5,1469.44,2024-05-14
4547,168,7,57,5,616.11,2024-08-10
4548,12,2,80,4,557.34,2024-01-10
4549,163,12,49,1,59.46,2024-10-26
4550,11,10,79,3,372.08,2024-08-27
4551,204,10,32,2,201.19,2024-09-17
4552,226,10,46,3,269.39,2024-02-11
4553,68,13,6,5,598.48,2024-09-21
4554,138,5,35,5,532.17,2024-01-23
4555,108,10,68,4,358.82,2024-10-03
4556,6,14,64,2,253.56,2024-01-29
4557,164,9,46,4,308.74,2024-02-11
4558,74,10,42,4,758.15,2024-03-16
4559,233,11,43,3,147.47,2024-12-23
4560,201,13,58,3,401.66,2024-11-03
4561,4,12,40,5,606.08,2024-04-18
4562,220,7,6,3,323.14,2024-12-15
4563,201,5,12,1,25.72,2024-06-25
4564,22,2,74,2,422.33,2024-05-17
4565,186,13,61,4,575.09,2024-05-27
4566,123,9,53,4,982.39,2024-01-28
4567,137,11,53,2,512.7,2024-11-04
4568,242,1,8,1,229.58,2024-08-01
4569,69,4,40,1,126.18,2024-05-15
4570,12,15,21,2,313.99,2024-10-15
4571,225,8,28,2,82.59,2024-08-09
4572,199,9,24,5,206.51,2024-07-12
4573,93,6,45,2,178.89,2024-07-30
4574,83,9,70,3,553.58,2024-08-06
4575,232,13,6,4,480.27,2024-09-18
4576,29,8,22,1,359.73,2024-06-29
4577,104,5,44,2,129.35,2024-08-15
4578,30,10,68,3,267.51,2024-01-04
4579,210,5,79,3,333.95,2024-06-17
4580,191,11,7,4,941.25,2024-11-04
4581,78,15,67,1,367.55,2024-11-27
4582,184,2,47,5,527.54,2024-10-15
4583,42,5,61,1,122.23,2024-05-06
4584,39,15,60,4,603.94,2024-02-11
4585,2,9,49,4,248.2,2024-08-23
4586,241,5,49,1,62.86,2024-10-06
4587,222,10,46,5,415.94,2024-02-20
4588,58,5,74,3,559.96,2024-11-05
4589,249,4,62,4,275.24,2024-09-21
4590,150,9,57,4,492.07,2024-11-19
4591,24,12,68,4,326.55,2024-07-15
4592,248,5,68,1,79.53,2024-04-06
4593,107,2,21,1,171.68,2024-08-16
4594,145,14,4,3,706.67,2024-02-03
4595,6,3,65,3,436.35,2024-11-17
4596,158,13,80,3,425.29,2024-08-14
4597,147,7,67,1,321.19,2024-07-31
4598,24,9,54,5,1163.8,2024-04-17
4599,178,2,45,5,473.93,2024-02-25
4600,236,3,42,5,985.83,2024-04-13
4601,178,3,36,3,134.37,2024-09-12
4602,197,2,26,4,1611.17,2024-04-16
4603,143,6,57,4,572.94,2024-09-10
4604,15,12,14,4,494.18,2024-01-18
4605,13,3,51,1,198.81,2024-09-05
4606,60,7,36,2,76.79,2024-12-14
4607,1,7,48,2,622.26,2024-07-06
4608,72,7,48,2,644.4,2024-10-07
4609,242,11,6,3,308.14,2024-07-03
4610,185,12,35,2,227.91,2024-02-18
4611,34,8,49,5,300.17,2024-05-14
4612,191,12,40,5,622.0,2024-07-17
4613,163,1,19,2,116.43,2024-12-01
4614,40,8,33,1,58.0,2024-07-03
4615,61,13,48,1,384.07,2024-04-25
4616,67,10,68,5,438.9,2024-07-05
4617,163,14,42,1,167.92,2024-01-19
4618,244,13,29,2,896.27,2024-07-02
4619,62,7,67,5,1514.54,2024-03-19
4620,67,9,79,5,579.47,2024-06-01
4621,203,9,58,1,111.96,2024-06-25
4622,93,12,17,2,144.48,2024-01-02
4623,160,8,17,4,281.24,2024-01-01
4624,8,10,60,3,422.26,2024-08-20
4625,181,13,48,3,1132.45,2024-09-21
4626,163,10,5,4,1308.41,2024-07-22
4627,152,14,35,2,211.66,2024-05-28
4628,45,3,51,2,394.1,2024-10-20
4629,212,2,75,1,110.35,2024-05-06
4630,195,7,67,1,325.03,2024-02-16
4631,78,14,19,1,62.02,2024-03-19
4632,102,9,5,2,559.3,2024-07-29
4633,220,11,16,3,153.42,2024-03-08
4634,74,11,39,2,570.77,2024-10-31
4635,45,3,38,2,93.91,2024-01-29
4636,7,1,5,4,1161.3,2024-11-05
4637,208,3,38,3,131.09,2024-10-27
4638,126,14,38,3,116.0,2024-03-23
4639,127,10,65,4,589.2,2024-05-23
4640,137,15,65,4,595.41,2024-10-02
4641,221,13,53,4,1168.85,2024-07-04
4642,97,4,9,1,80.05,2024-01-01
4643,120,11,2,4,235.35,2024-05-01
4644,15,7,7,1,252.11,2024-06-20
4645,121,7,21,4,549.14,2024-04-11
4646,48,7,10,3,789.49,2024-12-08
4647,147,9,53,4,977.61,2024-04-03
4648,77,12,61,2,230.0,2024-08-09
4649,36,3,36,5,235.47,2024-04-10
4650,185,9,26,5,1871.16,2024-06-15
4651,39,3,31,4,432.51,2024-12-14
4652,198,1,10,1,264.84,2024-12-17
4653,77,2,30,3,1345.32,2024-04-04
4654,65,10,50,4,335.46,2024-09-24
4655,211,11,29,5,2022.06,2024-12-23
4656,90,11,52,2,604.53,2024-11-10
4657,49,12,56,3,286.89,2024-04-10
4658,88,14,38,2,81.19,2024-08-16
4659,165,9,47,5,446.22,2024-11-08
4660,88,1,2,5,306.05,2024-05-17
4661,162,6,2,5,354.05,2024-04-04
4662,123,6,6,2,232.89,2024-09-03
4663,144,1,3,5,1341.08,2024-06-04
4664,212,9,53,3,753.7,2024-11-18
4665,65,13,8,3,810.49,2024-07-13
4666,93,14,51,5,810.18,2024-03-12
4667,217,8,1,2,590.35,2024-03-07
4668,175,11,71,3,778.77,2024-02-22
4669,43,13,48,3,1127.72,2024-04-01
4670,78,11,19,4,240.58,2024-08-16
4671,230,7,4,5,1254.78,2024-01-26
4672,81,12,20,4,241.82,2024-04-12
4673,211,7,10,3,785.52,2024-03-20
4674,111,1,8,2,470.94,2024-11-20
4675,73,2,22,2,853.27,2024-06-25
4676,183,3,34,1,77.69,2024-06-20
4677,216,11,69,2,121.83,2024-01-16
4678,189,10,33,2,124.04,2024-07-05
4679,118,3,60,3,440.51,2024-08-25
4680,112,1,71,4,978.22,2024-03-24
4681,106,9,30,1,372.82,2024-12-03
4682,8,12,13,1,35.91,2024-01-19
4683,112,2,21,3,489.61,2024-11-23
4684,242,5,14,5,632.03,2024-10-27
4685,6,11,9,5,381.06,2024-01-28
4686,249,11,8,4,869.18,2024-04-08
4687,19,12,38,5,192.2,2024-01-16
4688,146,5,3,4,1057.03,2024-05-15
4689,23,2,29,2,872.62,2024-06-27
4690,56,6,57,5,734.97,2024-06-11
4691,100,1,52,4,1241.39,2024-07-02
4692,30,11,9,5,387.37,2024-02-06
4693,162,6,5,4,1328.53,2024-12-16
4694,45,3,34,1,80.43,2024-03-03
4695,183,2,75,1,105.15,2024-07-08
4696,27,10,34,4,321.67,2024-01-06
4697,66,11,64,2,252.59,2024-06-27
4698,32,4,5,4,1123.5,2024-02-08
4699,132,3,32,5,512.26,2024-06-05
4700,192,6,1,5,1729.12,2024-01-18
4701,157,12,64,2,237.37,2024-04-27
4702,61,14,34,1,69.66,2024-10-25
4703,168,12,31,1,100.74,2024-10-29
4704,181,2,8,1,266.47,2024-11-08
4705,130,11,69,4,250.64,2024-02-26
4706,100,13,53,3,889.94,2024-06-20
4707,152,12,33,5,269.28,2024-07-01
4708,163,5,79,3,349.13,2024-03-17
4709,110,7,6,4,414.77,2024-12-29
4710,161,7,48,4,1327.34,2024-10-07
4711,10,2,26,5,2090.35,2024-03-10
4712,225,12,19,2,112.71,2024-08-06
4713,121,8,77,2,421.45,2024-08-21
4714,130,8,75,1,93.82,2024-03-09
4715,246,5,66,2,128.89,2024-02-12
4716,178,12,29,2,811.69,2024-02-19
4717,111,6,6,2,251.92,2024-07-16
4718,100,2,3,1,308.77,2024-03-18
4719,84,10,18,4,292.12,2024-07-24
4720,226,1,54,5,1185.48,2024-02-26
4721,6,2,21,2,334.1,2024-10-17
4722,208,3,62,4,322.77,2024-04-20
4723,241,13,7,2,585.23,2024-10-31
4724,249,11,48,4,1302.82,2024-11-25
4725,110,8,39,3,844.99,2024-11-26
4726,167,1,2,5,288.37,2024-04-21
4727,107,1,24,3,114.32,2024-12-29
4728,213,10,50,4,343.8,2024-06-08
4729,152,13,17,3,232.55,2024-02-03
4730,13,7,6,5,539.37,2024-10-26
4731,113,10,34,5,369.27,2024-06-07
4732,54,10,68,3,276.31,2024-05-01
4733,24,3,42,5,997.09,2024-12-22
4734,197,2,74,3,637.57,2024-12-20
4735,203,11,7,4,970.71,2024-04-11
4736,224,12,56,3,302.76,2024-12-06
4737,34,14,80,3,351.94,2024-10-02
4738,211,4,2,2,126.14,2024-01-31
4739,109,4,58,4,466.52,2024-07-03
4740,162,15,42,1,200.48,2024-05-07
4741,170,5,64,3,351.86,2024-03-10
4742,1,8,26,1,357.0,2024-01-23
4743,7,13,58,1,139.71,2024-02-29
4744,64,1,1,5,1448.75,2024-05-02
4745,233,5,47,1,94.07,2024-11-10
4746,148,1,54,5,1198.8,2024-06-30
4747,103,2,21,4,685.04,2024-05-13
4748,69,5,7,3,719.48,2024-10-29
4749,191,5,52,1,294.56,2024-11-27
4750,36,3,57,2,293.28,2024-01-10
4751,40,6,48,1,376.16,2024-04-02
4752,167,9,52,3,909.19,2024-10-26
4753,182,3,46,4,346.04,2024-07-24
4754,124,15,75,4,451.77,2024-06-29
4755,225,4,9,5,379.99,2024-04-29
4756,76,9,52,1,304.96,2024-06-04
4757,66,5,79,2,229.35,2024-08-13
4758,40,15,8,5,1270.08,2024-06-22
4759,200,4,78,3,107.59,2024-04-20
4760,72,2,24,5,218.38,2024-03-22
4761,239,5,76,4,203.72,2024-06-24
4762,76,3,33,3,184.25,2024-03-22
4763,110,2,21,5,860.54,2024-07-28
4764,23,1,52,3,890.03,2024-11-14
4765,129,8,40,2,258.17,2024-08-03
4766,124,6,43,3,164.87,2024-01-22
4767,169,11,10,3,728.71,2024-04-29
4768,168,15,37,3,428.5,2024-07-18
4769,134,10,42,3,585.15,2024-07-19
4770,36,1,52,3,932.96,2024-04-03
4771,143,11,29,1,390.08,2024-04-13
4772,123,1,69,1,60.72,2024-05-29
4773,135,12,67,4,1323.19,2024-02-08
4774,134,6,31,3,346.75,2024-02-06
4775,16,3,33,3,188.18,2024-02-14
4776,54,9,54,5,1197.14,2024-06-04
4777,126,11,40,2,261.91,2024-01-13
4778,206,8,29,5,2049.38,2024-01-24
4779,52,14,32,1,87.29,2024-08-07
4780,115,8,43,1,44.66,2024-06-13
4781,249,4,62,4,275.67,2024-11-29
4782,101,4,27,2,667.53,2024-02-04
4783,47,5,61,3,345.73,2024-07-01
4784,213,13,8,2,522.84,2024-08-11
4785,182,7,9,5,413.37,2024-12-19
4786,68,3,54,3,828.07,2024-02-08
4787,136,8,74,3,575.37,2024-08-30
4788,16,4,9,3,247.77,2024-07-19
4789,21,1,9,1,80.4,2024-06-05
4790,230,1,8,5,1084.85,2024-07-30
4791,131,11,43,5,237.82,2024-08-06
4792,33,14,38,5,198.18,2024-09-02
4793,85,7,5,2,567.4,2024-08-29
4794,185,13,7,4,1108.78,2024-01-04
4795,95,13,45,4,380.8,2024-04-02
4796,204,10,50,4,319.09,2024-07-08
4797,142,13,10,5,1487.11,2024-09-18
4798,147,13,53,3,880.13,2024-06-17
4799,103,4,22,2,757.4,2024-10-23
4800,113,5,19,3,177.51,2024-07-22
4801,124,6,2,1,72.51,2024-12-01
4802,99,8,78,2,74.56,2024-02-01
4803,220,5,62,3,210.63,2024-03-16
4804,223,14,33,3,171.94,2024-09-22
4805,70,4,35,2,207.79,2024-10-25
4806,150,10,31,5,550.36,2024-05-18
4807,217,14,42,1,162.03,2024-05-12
4808,228,14,31,3,298.29,2024-09-20
4809,99,9,80,5,622.42,2024-01-24
4810,183,9,7,3,772.37,2024-03-30
4811,43,8,74,1,179.94,2024-08-16
4812,117,9,58,1,115.45,2024-07-27
4813,104,2,75,2,212.93,2024-08-30
4814,22,14,68,4,307.29,2024-05-29
4815,179,1,28,1,39.66,2024-03-01
4816,109,7,4,4,939.89,2024-12-11
4817,102,11,70,5,990.3,2024-11-25
4818,111,12,47,2,194.44,2024-02-08
4819,36,9,53,5,1320.1,2024-11-18
4820,136,3,73,4,408.86,2024-12-17
4821,27,8,74,1,189.79,2024-09-22
4822,147,11,69,2,118.03,2024-10-01
4823,124,6,20,5,364.65,2024-01-14
4824,152,13,29,4,1775.16,2024-06-23
4825,33,5,62,1,70.61,2024-06-26
4826,111,15,9,5,440.22,2024-10-16
4827,48,6,1,4,1425.45,2024-08-10
4828,121,8,78,2,74.5,2024-02-29
4829,25,4,51,3,495.0,2024-10-10
4830,50,4,10,2,502.7,2024-01-05
4831,58,14,32,2,178.99,2024-03-30
4832,188,14,34,2,131.49,2024-06-02
4833,104,12,66,1,62.28,2024-10-28
4834,155,11,67,4,1263.31,2024-04-29
4835,199,2,72,5,2331.48,2024-03-05
4836,111,6,9,2,180.05,2024-07-08
4837,206,7,25,4,1569.75,2024-11-11
4838,132,9,30,4,1496.36,2024-04-30
4839,162,7,39,3,907.08,2024-10-23
4840,225,9,48,2,654.56,2024-07-30
4841,115,14,73,2,181.23,2024-07-12
4842,182,14,36,2,82.01,2024-10-24
4843,38,5,18,1,60.03,2024-03-30
4844,115,5,17,3,198.86,2024-11-04
4845,124,11,6,1,107.24,2024-04-16
4846,123,9,4,1,234.21,2024-01-10
4847,131,4,67,5,1584.54,2024-10-27
4848,153,13,6,1,120.79,2024-01-02
4849,186,13,39,4,1426.91,2024-02-10
4850,144,7,8,4,900.04,2024-05-01
4851,80,1,4,1,251.86,2024-06-16
4852,179,11,52,5,1410.93,2024-12-24
4853,144,13,8,4,982.13,2024-07-02
4854,68,8,24,1,38.39,2024-06-25
4855,148,5,76,5,244.31,2024-02-11
4856,65,13,69,1,69.72,2024-02-04
4857,98,4,54,4,938.23,2024-12-24
4858,249,10,74,3,648.59,2024-04-14
4859,18,13,10,4,1212.06,2024-01-07
4860,88,2,28,4,172.46,2024-07-16
4861,54,5,47,2,189.21,2024-11-07
4862,54,8,21,5,711.18,2024-02-29
4863,124,6,4,3,814.91,2024-06-25
4864,191,7,10,5,1282.02,2024-10-14
4865,248,11,70,1,200.8,2024-06-02
4866,67,10,73,3,303.03,2024-02-19
4867,104,11,7,2,504.03,2024-01-17
4868,86,14,58,3,337.84,2024-11-23
4869,62,10,31,2,224.52,2024-10-23
4870,171,2,21,5,855.26,2024-07-03
4871,159,3,43,5,278.77,2024-07-12
4872,225,9,34,2,135.08,2024-03-14
4873,239,10,68,5,477.7,2024-06-16
4874,139,13,42,4,773.0,2024-04-12
4875,178,10,65,1,147.77,2024-08-29
4876,193,4,2,3,189.57,2024-10-11
4877,146,7,40,5,621.44,2024-12-20
4878,117,1,53,5,1207.17,2024-04-06
4879,250,5,64,3,369.61,2024-03-01
4880,161,15,33,5,308.1,2024-12-29
4881,182,14,65,1,125.69,2024-05-21
4882,210,9,4,2,494.85,2024-12-06
4883,130,5,2,5,295.34,2024-06-15
4884,45,3,50,2,161.93,2024-07-03
4885,21,7,4,2,493.93,2024-12-20
4886,243,13,3,1,313.92,2024-12-04
4887,16,3,34,4,316.83,2024-02-26
4888,113,2,28,2,88.34,2024-12-26
4889,154,1,43,2,97.72,2024-07-29
4890,20,14,51,4,705.98,2024-10-15
4891,133,5,79,1,107.14,2024-02-02
4892,45,3,3,1,307.95,2024-10-23
4893,98,14,50,4,291.0,2024-05-05
4894,236,3,25,4,1740.86,2024-02-20
4895,62,5,47,2,180.27,2024-09-15
4896,192,1,69,1,58.89,2024-04-12
4897,173,9,74,1,184.27,2024-11-10
4898,137,6,71,1,285.42,2024-04-28
4899,40,7,53,4,975.97,2024-01-14
4900,129,12,56,3,311.97,2024-03-03
4901,214,1,75,1,97.62,2024-06-28
4902,118,12,74,5,959.24,2024-02-13
4903,48,6,67,3,1116.6,2024-07-07
4904,61,3,46,2,166.07,2024-09-04
4905,33,4,5,3,892.73,2024-09-02
4906,111,15,32,2,192.28,2024-03-20
4907,150,10,50,3,254.06,2024-11-30
4908,63,11,19,1,58.09,2024-06-20
4909,126,14,34,2,128.4,2024-07-04
4910,36,13,30,1,418.08,2024-03-11
4911,218,5,11,1,74.08,2024-04-17
4912,113,2,24,1,44.9,2024-08-26
4913,123,11,1,3,885.78,2024-11-11
4914,136,3,4,2,554.84,2024-06-05
4915,196,10,61,5,697.17,2024-09-22
4916,111,15,55,3,216.07,2024-04-18
4917,202,6,38,5,231.31,2024-08-19
4918,218,3,37,5,716.62,2024-01-14
4919,114,1,4,5,1259.18,2024-09-12
4920,162,6,17,1,76.59,2024-03-14
4921,213,15,31,3,324.31,2024-12-24
4922,186,6,71,2,557.87,2024-10-09
4923,60,2,72,1,455.9,2024-07-26
4924,221,12,61,3,367.15,2024-07-30
4925,169,10,68,5,447.79,2024-02-04
4926,186,13,53,2,564.7,2024-01-31
4927,78,15,50,5,408.01,2024-04-03
4928,78,7,48,2,652.8,2024-06-03
4929,138,6,37,4,592.38,2024-04-15
4930,18,8,60,5,642.2,2024-01-14
4931,172,9,71,4,1011.86,2024-02-04
4932,217,15,42,3,566.16,2024-01-31
4933,61,3,78,3,120.33,2024-06-06
4934,124,15,55,1,73.59,2024-10-02
4935,214,13,58,5,645.93,2024-02-04
4936,44,9,57,2,251.54,2024-08-16
4937,74,8,74,5,958.6,2024-07-10
4938,33,12,18,2,126.98,2024-11-23
4939,242,2,72,4,1804.43,2024-05-25
4940,203,2,63,3,748.71,2024-11-01
4941,164,8,59,5,195.34,2024-02-01
4942,229,8,22,3,1129.97,2024-07-10
4943,7,6,10,4,1138.26,2024-05-14
4944,60,2,76,2,112.13,2024-04-03
4945,120,10,35,3,359.48,2024-07-06
4946,235,6,42,1,192.94,2024-05-27
4947,137,11,43,2,97.64,2024-07-25
4948,234,5,19,2,117.66,2024-03-20
4949,191,9,5,1,280.43,2024-01-27
4950,19,5,20,5,314.01,2024-08-22
4951,36,3,14,3,437.47,2024-08-02
4952,160,1,8,4,869.24,2024-01-18
4953,147,1,6,1,108.93,2024-06-24
4954,185,7,80,2,252.72,2024-01-31
4955,189,6,6,4,508.85,2024-07-17
4956,161,15,67,3,1067.9,2024-06-28
4957,61,3,42,1,185.33,2024-01-14
4958,95,13,67,4,1455.79,2024-01-18
4959,15,5,53,2,491.3,2024-04-05
4960,31,2,60,3,426.62,2024-07-11
4961,152,8,74,4,713.45,2024-09-24
4962,91,7,9,2,155.62,2024-04-01
4963,9,3,28,1,46.61,2024-01-24
4964,111,15,73,4,401.2,2024-11-01
4965,86,14,73,2,183.02,2024-09-06
4966,168,15,65,4,637.92,2024-12-19
4967,121,11,68,4,331.31,2024-09-14
4968,15,13,3,2,591.9,2024-06-28
4969,166,3,37,5,703.0,2024-03-25
4970,136,3,42,3,596.06,2024-01-16
4971,168,7,6,3,312.22,2024-12-14
4972,67,10,42,1,201.21,2024-12-31
4973,118,3,47,3,325.61,2024-03-07
4974,150,8,75,1,90.27,2024-06-01
4975,98,11,48,5,1648.81,2024-01-18
4976,122,5,10,1,246.25,2024-11-08
4977,110,14,47,3,273.72,2024-10-27
4978,12,12,34,2,133.52,2024-01-17
4979,126,3,32,3,288.05,2024-06-13
4980,200,7,22,2,776.99,2024-04-05
4981,144,13,51,1,189.39,2024-07-01
4982,23,14,32,4,344.85,2024-07-20
4983,61,12,16,4,214.96,2024-02-06
4984,220,13,4,2,550.38,2024-12-30
4985,36,3,75,1,106.76,2024-05-29
4986,34,3,78,2,86.48,2024-05-06
4987,66,9,53,3,778.22,2024-09-01
4988,247,15,65,2,293.87,2024-05-12
4989,234,14,67,5,1659.22,2024-04-30
4990,111,7,67,5,1538.77,2024-12-05
4991,13,5,17,4,277.95,2024-07-19
4992,163,14,36,4,156.85,2024-07-26
4993,165,7,58,1,117.09,2024-07-08
4994,86,7,1,1,290.78,2024-03-14
4995,94,8,27,4,1292.02,2024-01-09
4996,121,5,80,2,247.1,2024-04-30
4997,48,15,34,2,158.39,2024-05-27
4998,211,8,28,5,190.56,2024-03-14
4999,105,11,65,5,646.69,2024-10-19
5000,247,6,17,5,388.99,2024-05-06
5001,188,7,57,2,247.57,2024-06-07
5002,174,1,57,1,132.01,2024-11-11
5003,89,14,14,4,527.8,2024-12-06
5004,7,9,57,1,129.67,2024-10-14
5005,16,12,66,2,123.78,2024-03-31
5006,38,8,39,3,916.82,2024-04-05
5007,93,8,18,4,250.11,2024-03-09
5008,181,12,62,2,130.71,2024-03-16
5009,90,2,39,1,349.68,2024-07-19
5010,49,10,24,5,239.4,2024-08-14
5011,93,5,79,4,443.74,2024-12-25
5012,109,13,48,2,754.46,2024-05-31
5013,152,14,14,2,245.64,2024-08-05
5014,209,7,44,4,260.96,2024-03-17
5015,148,11,10,4,976.5,2024-12-14
5016,72,2,18,1,71.66,2024-04-08
5017,147,12,79,1,113.18,2024-07-23
5018,221,6,52,2,677.38,2024-12-21
5019,220,11,3,4,1075.28,2024-08-03
5020,224,11,69,5,313.22,2024-10-24
5021,153,2,72,5,2282.1,2024-02-01
5022,48,12,47,3,292.99,2024-10-19
5023,147,12,45,1,81.86,2024-04-30
5024,171,8,29,2,823.18,2024-05-08
5025,14,3,20,4,282.82,2024-09-11
5026,121,8,35,2,211.2,2024-02-20
5027,48,14,17,1,71.56,2024-10-29
5028,123,14,68,1,80.55,2024-12-15
5029,64,10,37,1,143.94,2024-02-21
5030,170,1,45,5,385.12,2024-10-13
5031,124,6,54,1,261.7,2024-06-09
5032,189,4,12,2,52.41,2024-08-06
5033,52,12,38,2,76.03,2024-08-13
5034,28,2,49,2,145.97,2024-04-10
5035,209,13,46,3,267.92,2024-04-18
5036,240,4,65,2,259.87,2024-02-25
5037,206,8,25,2,721.16,2024-10-03
5038,190,3,42,3,594.72,2024-12-18
5039,45,1,39,3,884.14,2024-12-11
5040,107,9,4,5,1234.9,2024-09-20
5041,60,2,30,5,2173.5,2024-02-24
5042,134,15,44,1,74.08,2024-09-21
5043,29,7,54,4,974.1,2024-07-16
5044,183,2,41,3,235.85,2024-08-19
5045,6,11,8,4,896.15,2024-03-06
5046,180,8,21,4,579.93,2024-07-10
5047,206,4,4,4,1000.13,2024-10-31
5048,220,5,78,4,146.04,2024-08-18
5049,110,3,35,1,122.59,2024-10-10
5050,44,7,9,5,408.39,2024-02-24
5051,97,11,71,4,980.53,2024-12-19
5052,137,15,42,1,200.48,2024-02-29
5053,164,10,38,1,45.49,2024-06-20
5054,67,6,4,4,1074.45,2024-12-27
5055,139,4,35,1,106.1,2024-08-26
5056,123,3,50,4,326.98,2024-10-28
5057,15,11,3,3,779.85,2024-12-03
5058,185,13,52,1,331.37,2024-06-18
5059,83,11,57,2,248.82,2024-04-17
5060,126,3,37,3,420.94,2024-07-02
5061,180,9,47,5,469.48,2024-11-06
5062,226,8,53,2,504.78,2024-09-19
5063,80,15,42,2,385.49,2024-07-27
5064,108,4,57,4,492.86,2024-08-24
5065,207,13,7,3,859.19,2024-06-19
5066,156,6,45,1,90.29,2024-10-17
5067,158,9,5,5,1413.58,2024-07-30
5068,201,4,78,5,184.52,2024-12-26
5069,87,3,36,1,45.24,2024-04-14
5070,214,12,39,2,567.19,2024-10-16
5071,31,12,13,3,102.69,2024-01-17
5072,249,10,44,2,153.51,2024-07-03
5073,67,8,21,3,415.73,2024-12-08
5074,125,12,60,1,124.64,2024-05-08
5075,168,15,30,1,450.17,2024-12-03
5076,247,15,31,5,534.12,2024-12-26
5077,91,11,13,5,181.66,2024-01-12
5078,44,8,30,3,1172.78,2024-07-27
5079,22,2,23,4,475.93,2024-03-19
5080,11,10,46,1,88.37,2024-04-17
5081,47,10,50,1,78.83,2024-02-17
5082,113,5,78,4,139.61,2024-10-19
5083,182,1,45,3,228.47,2024-09-03
5084,49,9,4,3,737.25,2024-09-10
5085,143,6,58,3,395.96,2024-07-14
5086,51,4,8,5,1128.55,2024-06-06
5087,189,15,32,2,206.22,2024-10-14
5088,203,4,5,3,832.99,2024-01-22
5089,23,2,29,3,1408.66,2024-01-22
5090,94,4,73,2,185.54,2024-05-28
5091,248,15,65,2,295.21,2024-12-17
5092,60,11,6,4,409.16,2024-03-18
5093,250,14,73,2,171.54,2024-07-15
5094,5,11,25,5,1827.93,2024-04-22
5095,154,2,77,1,242.62,2024-12-04
5096,140,13,8,2,538.85,2024-04-30
5097,134,15,74,4,896.46,2024-12-11
5098,172,3,58,5,700.35,2024-05-02
5099,158,13,3,1,313.72,2024-12-14
5100,90,4,53,2,505.34,2024-05-07
5101,180,10,44,1,77.62,2024-04-28
5102,180,9,69,2,114.71,2024-02-06
5103,163,8,23,3,319.19,2024-11-06
5104,154,1,25,5,1924.38,2024-09-02
5105,118,3,79,3,378.73,2024-11-23
5106,213,13,48,4,1428.38,2024-04-19
5107,202,15,46,2,180.04,2024-05-31
5108,172,9,6,3,321.73,2024-07-19
5109,158,9,6,2,222.71,2024-07-04
5110,89,9,24,1,38.21,2024-12-14
5111,162,15,39,3,1025.91,2024-06-07
5112,153,8,74,3,536.75,2024-02-23
5113,244,13,60,1,154.75,2024-12-13
5114,236,3,59,3,132.58,2024-01-28
5115,61,3,77,5,1161.34,2024-02-08
5116,247,1,23,1,110.41,2024-02-24
5117,14,12,59,2,76.04,2024-02-04
5118,39,1,77,4,802.18,2024-06-23
5119,214,14,50,1,69.2,2024-04-19
5120,15,8,64,5,600.0,2024-12-01
5121,55,12,11,2,148.82,2024-02-22
5122,100,8,80,5,620.88,2024-03-01
5123,143,15,34,2,149.31,2024-07-05
5124,89,10,50,4,344.08,2024-07-22
5125,36,3,46,5,410.67,2024-10-17
5126,224,5,20,4,250.16,2024-04-16
5127,103,13,72,2,904.21,2024-08-01
5128,162,15,44,4,303.56,2024-10-25
5129,83,6,63,1,241.21,2024-10-14
5130,221,7,2,4,240.61,2024-10-24
5131,237,7,43,1,44.96,2024-10-26
5132,2,11,5,3,861.11,2024-08-21
5133,80,1,55,3,193.77,2024-11-08
5134,159,8,80,1,126.31,2024-06-02
5135,102,12,11,4,299.54,2024-12-26
5136,47,13,2,3,199.99,2024-03-13
5137,4,13,21,1,167.29,2024-03-21
5138,14,3,38,5,217.37,2024-10-24
5139,173,14,34,4,280.13,2024-03-09
5140,134,15,34,3,230.83,2024-05-14
5141,162,10,34,2,156.37,2024-06-17
5142,95,5,72,5,1944.04,2024-10-06
5143,134,6,10,5,1483.47,2024-11-04
5144,158,11,9,4,321.44,2024-04-24
5145,166,6,44,2,147.14,2024-08-30
5146,174,11,5,1,291.63,2024-01-23
5147,223,2,74,4,839.59,2024-02-02
5148,183,2,72,1,462.01,2024-11-08
5149,25,12,7,3,752.49,2024-05-24
5150,193,11,48,1,323.03,2024-08-19
5151,137,15,50,5,411.72,2024-09-23
5152,68,4,38,3,120.42,2024-05-19
5153,218,3,31,5,583.26,2024-02-15
5154,189,15,32,4,405.74,2024-03-30
5155,162,6,43,1,54.44,2024-10-20
5156,118,4,53,4,1056.86,2024-08-14
5157,201,14,51,1,176.34,2024-12-15
5158,24,7,55,5,319.61,2024-04-18
5159,65,13,58,3,416.38,2024-10-11
5160,98,4,41,3,212.39,2024-07-05
5161,249,9,53,1,256.95,2024-10-25
5162,227,10,34,3,228.0,2024-12-10
5163,229,11,1,4,1247.16,2024-09-25
5164,46,11,4,1,231.11,2024-12-30
5165,91,4,18,1,65.25,2024-05-12
5166,182,6,75,1,105.99,2024-08-28
5167,181,4,9,2,160.28,2024-11-21
5168,109,11,54,3,721.6,2024-09-19
5169,185,12,79,1,109.86,2024-10-03
5170,122,12,68,4,328.63,2024-02-27
5171,133,9,3,1,275.91,2024-04-29
5172,180,13,21,2,320.15,2024-05-16
5173,43,4,71,4,950.45,2024-08-26
5174,26,15,68,4,374.32,2024-08-01
5175,63,4,63,5,1083.38,2024-09-19
5176,18,12,16,2,110.18,2024-09-16
5177,9,3,68,3,277.65,2024-05-02
5178,82,14,65,5,679.62,2024-10-14
5179,88,2,75,1,111.05,2024-01-18
5180,90,13,44,5,385.34,2024-01-08
5181,201,12,24,5,195.45,2024-03-09
5182,196,5,12,1,26.79,2024-11-30
5183,243,14,13,2,70.16,2024-12-12
5184,54,5,18,1,64.73,2024-12-07
5185,147,8,23,4,421.37,2024-05-05
5186,78,15,68,2,186.94,2024-01-25
5187,141,2,79,4,524.73,2024-10-10
5188,104,6,3,4,1298.03,2024-01-05
5189,14,11,2,5,290.89,2024-02-24
5190,34,14,60,4,510.46,2024-11-21
5191,87,11,28,4,152.08,2024-10-21
5192,218,3,46,1,87.3,2024-02-21
5193,88,2,49,5,364.55,2024-10-23
5194,80,6,11,5,433.47,2024-10-26
5195,162,15,42,5,959.04,2024-06-29
5196,120,5,8,3,673.45,2024-06-05
5197,132,3,53,2,583.78,2024-10-27
5198,241,1,48,3,919.53,2024-05-25
5199,67,5,79,3,337.77,2024-09-21
5200,190,2,39,2,694.34,2024-09-18
